dem,w10,d10,t2m,aod_sat,tp,PM2_5
0.06740332,0.26770636,0.8577575,0.7701137,0.8088826,0.33686328,47.42556
0.045745857,0.20347516,0.8660003,0.8002031,0.88976556,0.3440071,41.605263
0.015248619,0.27144894,0.69008607,0.68300605,0.7240101,0.46824864,44.060055
0.033591162,0.13572074,0.58971775,0.65525126,0.7237717,0.24371776,59.93662
0.11314917,0.15886861,0.4914057,0.750283,0.7002415,0.24473044,42.567417
0.015027625,0.17778112,0.64043075,0.672591,0.8056203,0.3695127,55.818943
0.0026519338,0.33982134,0.72935385,0.67736983,0.6298526,0.5082845,34.077995
0.06209945,0.18631242,0.83179736,0.7127788,0.5616218,0.41042495,42.67556
0.00640884,0.27853575,0.16861185,0.4826648,0.55753523,0.13811561,32.58616
0.0026519338,0.3133939,0.7102186,0.64569163,0.6823073,0.4221319,45.50277
0.0059668506,0.16126852,0.9119446,0.7533395,0.48329258,0.6804552,34.10278
0.04198895,0.37560385,0.19821717,0.1797664,0.31448713,0.22447743,28.554775
0.011712708,0.2474547,0.7783503,0.7385938,0.7332074,0.62703896,36.90972
0.020331493,0.22888792,0.7632325,0.67939925,0.73798484,0.44614235,48.91365
0.012375691,0.23968357,0.85258424,0.7988069,0.6051302,0.730421,48.879166
0.63558006,0.18836625,0.81966364,0.31739208,0.094560154,0.18718405,22.376404
0.013701658,0.19157602,0.40969235,0.5228765,0.7197634,0.24956965,48.238766
0.0037569061,0.081540726,0.8459914,0.91782165,0.44659698,0.6969389,31.757063
0.085966855,0.2658285,0.90874517,0.717736,0.6309942,0.47673273,21.370422
0.06607735,0.36673683,0.20574124,0.18153833,0.30466977,0.22121987,29.782671
0.100552484,0.12916656,0.22730161,0.5828359,0.4962607,0.20807451,72.86685
0.24287292,0.07146982,0.3042322,0.5484283,0.2968718,0.06365852,42.43454
0.013922652,0.36211023,0.61622053,0.57961917,0.6135519,0.1774251,36.777615
0.08618785,0.30260062,0.91747653,0.669646,0.5528528,0.22089596,67.91428
0.009502762,0.34122542,0.83770025,0.74302745,0.7359752,0.617058,44.583332
0.075801104,0.1129505,0.72359926,0.7773378,0.38689667,0.6179375,24.62325
0.0075138123,0.2676935,0.70785767,0.6747997,0.7729188,0.52953625,54.97199
0.007292818,0.21314411,0.5265862,0.5913923,0.5861901,0.20565465,42.192196
0.0077348067,0.201533,0.5372945,0.52421355,0.7420913,0.17300844,47.584488
0.0022099447,0.51590484,0.8961414,0.8655441,0.32461536,0.54257756,26.913742
0.054585636,0.3970416,0.12394985,0.28798363,0.40698385,0.2746539,22.370739
0.0154696135,0.2367752,0.7665096,0.7318647,0.7150397,0.6514033,41.7191
0.02165746,0.13902262,0.9506629,0.87048125,0.5073392,0.8681195,34.858543
0.280884,0.06944387,0.64348114,0.8418596,0.2404987,0.5377894,25.536211
0.0028729283,0.34499452,0.73595506,0.6742294,0.7171993,0.57650113,46.43521
0.02165746,0.23393562,0.62991714,0.6758659,0.7569844,0.21758662,59.822945
0.022983426,0.17753537,0.5696598,0.67152953,0.7735369,0.252503,62.793785
0.009060773,0.31488535,0.86732227,0.75941634,0.7440724,0.59251046,52.863766
0.019668508,0.2593267,0.7193371,0.8822229,0.48550284,0.769243,34.66528
0.014364641,0.27711526,0.9860117,0.77764964,0.71079046,0.65286255,42.593315
0.026077349,0.12800758,0.81561506,0.8858888,0.48231685,0.801375,38.185715
0.32486188,0.41675362,0.17933682,0.39478943,0.3347906,0.19138758,28.759155
0.029392267,0.23460977,0.9390597,0.7511642,0.71213204,0.5817743,35.395775
0.24265192,0.38571516,0.65648174,0.64982295,0.5331725,0.5070054,35.31601
0.007955802,0.31800053,0.8386049,0.7385576,0.7363429,0.6301188,57.25493
0.037127074,0.3838418,0.06747049,0.32770798,0.42599192,0.26854828,44.177464
0.0640884,0.2702545,0.85921645,0.77025104,0.81272644,0.3366415,49.45391
0.19314916,0.36778015,0.7520327,0.67378974,0.64800864,0.4624895,30.927576
0.0066298344,0.3441012,0.734265,0.670532,0.7134899,0.5892844,37.081898
0.2433149,0.38269627,0.6556262,0.6474254,0.5360638,0.50522053,26.475645
0.28618786,0.05134448,0.17978263,0.6743505,0.19211069,0.058937527,133.80057
0.0041988953,0.18325208,0.69215095,0.87902045,0.37551594,0.5180445,27.336134
0.055911604,0.22918296,0.1665373,0.10951302,0.25412196,0.26006544,18.822485
0.22497237,0.4263513,0.96523577,0.19791578,0.08058409,0.18735878,9.540786
0.008397791,0.31223232,0.7174106,0.6873853,0.7197642,0.54055125,52.021008
0.010828729,0.2158569,0.1457821,0.4562156,0.5360203,0.15461493,33.10894
0.017016575,0.33252415,0.88889575,0.75155044,0.7571866,0.4872003,34.883286
0.0070718233,0.050748397,0.3150041,0.5356128,0.5770135,0.09668119,28.5
0.0037569061,0.2391682,0.6237168,0.59259486,0.7243753,0.18943141,54.07542
0.08508287,0.2637873,0.31973717,0.78215003,0.8300981,0.24429199,52.01133
0.02519337,0.13532619,0.47468993,0.8181293,0.47475266,0.4896625,47.77147
0.11160221,0.19167016,0.10334384,0.20790456,0.3986859,0.31708688,32.377094
0.0019889502,0.12600744,0.7075334,0.7363317,0.5259153,0.779854,36.984722
0.18276243,0.14991017,0.68249315,0.49984142,0.45047134,0.187677,59.830555
0.10917127,0.1667907,0.46651092,0.7583101,0.7104439,0.24377552,63.726627
0.005745856,0.1824992,0.52110934,0.57137465,0.61149305,0.21229166,33.087322
0.28906077,0.36693206,0.5608666,0.71751857,0.3000281,0.6997759,30.926554
0.020994475,0.3109971,0.54216516,0.41741058,0.51256216,0.24395221,28.875
0.005745856,0.33787927,0.7204171,0.7055814,0.72754097,0.55171794,51.980225
0.003977901,0.24905431,0.70211035,0.92742133,0.46191466,0.7122131,29.469275
0.8134806,0.10161681,0.5377944,0.3316953,0.032025225,0.21420692,13.734375
0.23182319,0.07606633,0.75127035,0.81344676,0.36994755,0.59600914,19.220505
0.15801105,0.13463414,0.7177575,0.5283563,0.61157316,0.24159753,59.665737
0.010828729,0.13663988,0.14778492,0.5315931,0.51499695,0.2208558,19.37712
0.08508287,0.2813043,0.6794682,0.64439654,0.54529667,0.27183062,70.88997
0.31845304,0.39855963,0.18822446,0.3918397,0.33564156,0.19649395,24.923399
0.014143647,0.23268478,0.8594497,0.7215812,0.6162191,0.63635653,34.76264
0.013038674,0.23181105,0.58298457,0.65819716,0.7978656,0.18523163,62.33003
0.06762431,0.16237846,0.36667937,0.79778457,0.93404955,0.290266,47.415043
0.01878453,0.24124539,0.75139695,0.89950156,0.47571534,0.7863042,38.760563
0.25524864,0.37825796,0.65454936,0.64448905,0.5328362,0.5028931,30.360704
0.09259669,0.21942776,0.8650404,0.80168223,0.8691696,0.36198947,36.107243
0.0030939225,0.22019026,0.9049139,0.75985885,0.47690183,0.6570403,32.076057
0.0059668506,0.26258042,0.5583994,0.59645057,0.6788991,0.19245228,52.043335
0.24309392,0.38316286,0.18700685,0.36296627,0.36698446,0.2380419,46.64706
0.013038674,0.25025973,0.8573646,0.79942584,0.59789616,0.71719706,41.766018
0.026961327,0.36559343,0.14375989,0.23125051,0.35125822,0.16636822,27.96122
0.0066298344,0.46112776,0.7152779,0.942827,0.40317702,0.755201,25.797413
0.3407735,0.37779614,0.6921852,0.48009846,0.2586135,0.1663028,48.857346
0.0070718233,0.16559908,0.531631,0.5636842,0.5846289,0.23639327,28.073034
0.0680663,0.3998521,0.30066586,0.57953334,0.15420462,0.017425796,28.31534
0.015027625,0.21133962,0.6310183,0.5554521,0.5946603,0.20984331,34.600574
0.017016575,0.16028284,0.8309699,0.6650264,0.74166316,0.20196639,61.125347
0.0019889502,0.18085377,0.7110498,0.7426164,0.50930935,0.7566315,33.827778
0.009723756,0.26414743,0.6711392,0.6636369,0.77183104,0.40872058,51.482807
0.14232044,0.14296667,0.9802197,0.5813196,0.16260716,0.08801815,48.267605
0.08685083,0.12207716,0.44238967,0.61343455,0.5564939,0.27488193,64.585915
0.0024309393,0.36854818,0.76381713,0.7138736,0.6353199,0.524421,40.422222
0.008618785,0.31101093,0.7119101,0.6975124,0.729193,0.5413488,48.779495
0.01723757,0.23507398,0.12710786,0.58642364,0.7441222,0.2440122,64.80532
0.11093923,0.28490412,0.45819095,0.7644193,0.75623095,0.2615237,55.30532
0.009502762,0.32873362,0.6655359,0.64954543,0.7475718,0.38738728,63.429974
0.079337016,0.5903131,0.37360758,0.5708997,0.18141572,0.05727233,21.962963
0.0240884,0.084747545,0.96055424,0.72058463,0.70745516,0.5261779,54.338936
0.08441989,0.23999494,0.8297573,0.7844627,0.87610215,0.22927895,33.443214
0.04928177,0.34570527,0.24240373,0.25516292,0.34665313,0.18794045,16.467514
0.028729282,0.19411093,0.5755606,0.66613173,0.77909034,0.24360675,64.3452
0.7865193,0.19660114,0.6045282,0.34355327,0.031638704,0.35250014,7.943314
0.017458564,0.20353499,0.6286882,0.66306853,0.7916296,0.2980475,58.689945
0.009502762,0.3139672,0.72574896,0.66926837,0.7149203,0.61029476,49.86908
0.80972373,0.07253295,0.0062426296,0.33329937,0.035753563,0.24707246,15.422414
0.12287293,0.15674831,0.0025377702,0.9012239,0.24403547,0.74403405,25.283669
0.08508287,0.31229374,0.6723721,0.60112643,0.57932496,0.28315985,56.644848
0.5281768,0.1351233,0.13631336,0.5572574,0.1332329,0.6208788,19.283897
0.014364641,0.15219502,0.104771376,0.6348331,0.73586065,0.17334674,70.518105
0.0022099447,0.3135492,0.7230469,0.66661525,0.6948416,0.61944556,46.443344
0.009502762,0.32383287,0.66853344,0.6479223,0.743859,0.39729294,67.94118
0.0037569061,0.24106812,0.6234106,0.591872,0.7257312,0.18983936,57.567795
0.12685083,0.21693431,0.8736024,0.7905538,0.8686469,0.35973716,31.791899
0.006187845,0.4125885,0.9572558,0.78128505,0.6066958,0.6302251,36.65599
0.009060773,0.05875345,0.33743885,0.5215366,0.5657444,0.10558142,29.508333
0.24508287,0.38013288,0.1878925,0.35417816,0.35760352,0.24027634,48.934174
0.0059668506,0.35729855,0.5759871,0.6162231,0.7904786,0.17889847,58.142857
0.12662983,0.3541941,0.21914579,0.35700962,0.38262105,0.15068775,24.722689
0.029392267,0.22284731,0.84227425,0.6674917,0.77417564,0.33190364,60.0961
0.0028729283,0.13090633,0.6405077,0.61555934,0.6172993,0.19422801,42.574646
0.0077348067,0.32279304,0.7670256,0.95909667,0.41543823,0.695146,34.317
0.01723757,0.1624667,0.880525,0.6623466,0.73213613,0.19681689,57.52793
0.04994475,0.39852095,0.11520271,0.28614113,0.39629713,0.29191038,26.196022
0.0059668506,0.4022116,0.9648924,0.78071094,0.6062161,0.6462808,35.572445
0.16154696,0.12171126,0.6962677,0.5254867,0.5988157,0.24093038,60.033615
0.0041988953,0.23849341,0.8389792,0.72173476,0.6383656,0.631961,50.109722
0.0041988953,0.18497537,0.86103994,0.7194679,0.62966985,0.6806445,31.729166
0.009502762,0.3218982,0.74050546,0.670573,0.7109342,0.5845394,38.833836
0.013259669,0.14996684,0.07421193,0.63882613,0.7361224,0.17295392,75.54916
0.01922652,0.3790976,0.16832106,0.17616342,0.30841202,0.16532038,28.646479
0.0048618787,0.2155473,0.75812936,0.8926389,0.36912462,0.6591677,29.088888
0.24906076,0.27903318,0.94426006,0.57918906,0.1939309,0.06301043,69.53771
0.32640883,0.25221992,0.02648637,0.46090576,0.17647694,0.08108176,19.8
0.0028729283,0.17252001,0.7102555,0.919853,0.4721703,0.8232186,37.280113
0.018342542,0.27067637,0.6975604,0.75039744,0.6851473,0.6234927,54.007042
0.23093922,0.07972816,0.14546938,0.48458645,0.32019344,0.052167438,25.216103
0.21745856,0.21016054,0.9746264,0.6293924,0.17730828,0.023862792,41.549297
0.044198897,0.3311208,0.07104147,0.23780988,0.40487465,0.31803805,32.438717
0.0026519338,0.5228816,0.7463625,0.72194934,0.65323985,0.42341667,40.22778
0.027403316,0.20159702,0.8359242,0.81133914,0.6692121,0.3591426,39.270115
0.0028729283,0.20017622,0.7247462,0.8817346,0.35894528,0.5247042,32.09053
0.011270718,0.6659665,0.90621823,0.81863475,0.3737135,0.58110684,24.610334
0.0017679558,0.24539557,0.73787516,0.9291742,0.5092106,0.672806,35.82153
0.19491713,0.23905793,0.7023043,0.6665189,0.5101255,0.72306234,23.113506
0.23779005,0.12059102,0.51633924,0.49283,0.34750536,0.17696437,29.625706
0.040662985,0.26517975,0.16875562,0.19347166,0.30226183,0.19190481,29.897282
0.011712708,0.23570196,0.96873766,0.7721765,0.71859777,0.6326184,52.33757
0.113812156,0.02482597,0.4820165,0.6493881,0.50634336,0.4250412,47.69553
0.0092817675,0.24593523,0.8802785,0.8010576,0.5298855,0.5891597,34.535015
0.014364641,0.23520957,0.8592023,0.8020818,0.59438646,0.71376485,42.520893
0.030276245,0.23835239,0.9409604,0.7542074,0.70863694,0.55857897,31.317797
0.0019889502,0.32256928,0.530452,0.5697048,0.7867471,0.18387796,50.490112
0.0028729283,0.4564928,0.717476,0.71492743,0.6802534,0.49001443,47.495823
0.0055248616,0.30634245,0.69041944,0.6437156,0.7186178,0.43270946,54.23464
0.6435359,0.25511178,0.78477,0.17947172,0.15176214,0.3270419,27.569014
0.0017679558,0.3442667,0.7305914,0.70564914,0.5780995,0.47848344,40.78472
0.016353592,0.17124183,0.57024676,0.6906383,0.77131355,0.42897534,64.06741
0.017679559,0.24838546,0.5853742,0.54313254,0.5826102,0.18990703,30.696629
0.10453039,0.16874884,0.9434013,0.7496755,0.66902894,0.2109593,50.53472
0.0121546965,0.30349392,0.53813064,0.58474326,0.7181796,0.22384568,56.512676
0.00640884,0.08078821,0.2877285,0.5464437,0.52232605,0.2273679,20.89886
0.0022099447,0.24249268,0.67833686,0.62747836,0.646808,0.31876197,42.122562
0.023867404,0.1972254,0.583968,0.67262626,0.7729925,0.24100646,63.620785
0.02519337,0.079706796,0.8144777,0.8497169,0.48027498,0.5392051,34.2423
0.015911603,0.20677489,0.6706503,0.61252666,0.6910702,0.29783338,46.443214
0.18099447,0.21226746,0.23644586,0.43009445,0.51241827,0.28001508,50.03267
0.0015469614,0.23795086,0.69751525,0.92876506,0.4688486,0.7261734,33.2577
0.0017679558,0.21571018,0.70483744,0.9276073,0.48541737,0.759032,34.177464
0.20441988,0.2836695,0.9547324,0.34578583,0.4222311,0.19398785,26.289106
0.0028729283,0.17745537,0.729859,0.89031196,0.36510673,0.6019879,30.432585
0.08110497,0.3507114,0.6913295,0.6344907,0.5532758,0.22464049,72.14185
0.3960221,0.4364069,0.0345945,0.68546844,0.19786014,0.5475806,21.253483
0.004640884,0.359893,0.89475167,0.7720916,0.45633918,0.6194909,30.625
0.055248618,0.15625277,0.7526843,0.81539035,0.5122837,0.8786457,30.281513
0.24640884,0.20313229,0.3356852,0.5330398,0.33116415,0.07561776,49.591038
0.1478453,0.1525743,0.966872,0.5744531,0.14889082,0.0925788,54.960228
0.32530388,0.35557544,0.089282095,0.4576423,0.16926298,0.041879844,32.68855
0.22674033,0.1445759,0.26478812,0.643584,0.16518372,0.8729991,15.543478
0.6678453,0.07193335,0.5737646,0.19917558,0.07865793,0.58027786,9.390173
0.0070718233,0.29534552,0.86507314,0.7586286,0.7451319,0.5619535,47.75
0.095027626,0.1577864,0.5657578,0.61481357,0.5492842,0.30463344,62.91193
0.039558012,0.20639087,0.21291198,0.4182031,0.48133767,0.17304859,27.108883
0.07469613,0.3231294,0.669659,0.6032274,0.5696131,0.27871245,58.11898
0.037790056,0.470428,0.17620964,0.17364763,0.3052199,0.25250748,31.578077
0.0022099447,0.4531739,0.7390213,0.7066667,0.66843027,0.43835512,42.001396
0.011270718,0.13175493,0.18952753,0.54129004,0.8036727,0.23977423,54.733894
0.13944751,0.086951524,0.3154884,0.6457956,0.6087066,0.44388828,42.666195
0.07005525,0.21924743,0.8739938,0.8038509,0.876258,0.35341293,35.451252
0.0024309393,0.30601898,0.525374,0.5701101,0.78738433,0.18530175,47.051777
0.032928176,0.27845436,0.5703997,0.3457658,0.474963,0.27033046,28.616991
0.02121547,0.14754769,0.73114425,0.74505687,0.48495668,0.60175616,30.353693
0.011270718,0.07624121,0.3165424,0.5380838,0.56153256,0.09981109,30.518156
0.00640884,0.2635518,0.7691859,0.74573016,0.6940827,0.612527,50.140278
0.23093922,0.07729391,0.15061782,0.48211262,0.32523423,0.052828163,27.96591
0.0022099447,0.23356462,0.71413696,0.92692447,0.48947132,0.79376966,36.973316
0.24640884,0.13654527,0.33396253,0.5053842,0.32187265,0.06732672,46.9958
0.016795581,0.31393528,0.8589661,0.7533319,0.7184066,0.61201775,43.304733
0.06453039,0.122346334,0.94189817,0.8109491,0.99999994,0.30251297,37.04354
0.013922652,0.27070498,0.7056116,0.92795444,0.45168,0.69543207,37.205055
0.0015469614,0.20111753,0.06919608,0.45099136,0.5312262,0.2075186,29.909483
0.3043094,0.12714563,0.5356211,0.49232075,0.39591676,0.23175903,28.027933
0.0022099447,0.31789118,0.72424275,0.67786765,0.6774522,0.49995604,56.377438
0.028729282,0.37681454,0.1348921,0.2308185,0.35472628,0.16813478,37.809723
0.0044198898,0.2728334,0.8366286,0.7416694,0.6328826,0.77494615,43.603065
0.1754696,0.11478595,0.106736585,0.47140762,0.43554652,0.24715027,59.60807
0.0059668506,0.092046455,0.333122,0.51324725,0.54649764,0.10698168,25.054775
0.20132595,0.1706237,0.5831124,0.6196172,0.6876369,0.45531914,29.914772
0.0022099447,0.41701078,0.73916185,0.70194507,0.66632175,0.4430129,47.230114
0.0070718233,0.08927735,0.8696877,0.7523668,0.41781563,0.9057124,26.515236
0.011933702,0.24096516,0.17428696,0.5624511,0.5282932,0.20183156,27.618645
0.08729282,0.17633133,0.034290396,0.23435377,0.4284646,0.27582765,30.976257
0.30011052,0.25588676,0.19683005,0.40953705,0.37635374,0.29179513,29.01532
0.37502763,0.09460256,0.6429974,0.71944785,0.20146729,0.47208956,20.543297
0.53679556,0.1305135,0.54086566,0.30512497,0.14135529,0.25327453,52.19737
0.00640884,0.33060113,0.6982011,0.67132735,0.73113054,0.5415049,46.366196
0.0015469614,0.4047198,0.74864787,0.70245814,0.6631968,0.43865597,39.74515
0.023204422,0.17753471,0.56892484,0.67143226,0.7885158,0.2515208,65.41433
0.016132597,0.20545954,0.61047024,0.693691,0.77203554,0.4207438,71.52528
0.07381216,0.32553464,0.66974,0.6030786,0.5679554,0.27727726,54.081005
0.0075138123,0.32445127,0.68983036,0.66010356,0.73794127,0.51334774,55.371147
0.053038675,0.28738222,0.8384759,0.7497833,0.6762646,0.5311693,51.66572
0.17392264,0.094157375,0.13635947,0.47757027,0.43279284,0.24902192,53.09014
0.28552487,0.28073823,0.19006479,0.41000435,0.3218055,0.1814078,28.256338
0.0017679558,0.39660412,0.73714143,0.6995208,0.6763483,0.44180077,42.90625
0.03756906,0.12753531,0.75896364,0.7934339,0.37303117,0.55444455,27.272223
0.014143647,0.33555403,0.050154623,0.38401386,0.4576686,0.2581296,27.880531
0.0280663,0.23796427,0.81936896,0.67032695,0.7860068,0.33441567,55.10754
0.038232043,0.20473479,0.20068763,0.4187915,0.48853767,0.17126963,25.591549
0.003314917,0.32735074,0.73346484,0.6975782,0.58890617,0.48381785,41.842617
0.053480662,0.19195218,0.9271759,0.73908496,0.6453875,0.6056427,42.84463
0.37878454,0.008892403,0.6582299,0.4484441,0.25692636,0.17757007,35.66201
0.047513813,0.27742156,0.53160876,0.5367458,0.6877521,0.26704395,53.86827
0.018563537,0.21786204,0.85298663,0.7512615,0.56388026,0.5069152,33.413406
0.059668507,0.19141215,0.8268446,0.71118903,0.5576645,0.40908292,42.38169
0.38187847,0.41616192,0.84645045,0.48048756,0.24284895,0.13352448,30.229227
0.014143647,0.33375147,0.7316541,0.6843145,0.6524612,0.4915394,43.439682
0.40552488,0.2249289,0.6539618,0.564121,0.46960437,0.6240835,39.408333
0.23248619,0.18996537,0.4697633,0.3906257,0.3520244,0.16048737,36.706127
0.033812154,0.48078433,0.17727733,0.1759126,0.3121065,0.24397898,26.382353
0.7374585,0.23014385,0.08547775,0.31530353,0.059378415,0.52013344,12.444816
0.013922652,0.22560494,0.95938927,0.7758415,0.71677446,0.62140447,45.184723
0.011049723,0.10586005,0.14650516,0.54400706,0.80240285,0.24080795,52.26638
0.05436464,0.2692587,0.8420344,0.7495487,0.68319947,0.5360246,49.60393
0.41966853,0.16787988,0.06801478,0.37108585,0.22174446,0.2849834,35.407562
0.11801105,0.05978698,0.49474716,0.642102,0.5122802,0.43185988,45.407303
0.09281768,0.26135108,0.91112036,0.7140024,0.61826265,0.47170642,32.18663
0.042872928,0.32842073,0.073136345,0.24095128,0.40778697,0.31177503,31.180056
0.0037569061,0.24200118,0.7082217,0.9216106,0.48028958,0.7667659,36.357346
0.4209945,0.17666148,0.0729888,0.36897823,0.2235318,0.29062092,30.643454
0.07690608,0.16870163,0.3605364,0.7995384,0.92078125,0.28972623,49.572033
0.0059668506,0.32868183,0.6946536,0.6712024,0.72485757,0.5481992,64.660164
0.009723756,0.32907262,0.6658605,0.6493957,0.7531052,0.38854912,66.15224
0.5014365,0.2116053,0.6290088,0.35851166,0.1481228,0.19502206,57.30056
0.011712708,0.27773565,0.98818076,0.7775409,0.71352744,0.6548901,45.072224
0.0030939225,0.21990824,0.8427037,0.71895576,0.6531249,0.6501471,42.929363
0.0041988953,0.116359495,0.726572,0.73088145,0.5003136,0.76845586,33.413406
0.0019889502,0.23903722,0.67726,0.62689567,0.6523391,0.3172078,43.488605
0.0019889502,0.4582371,0.75333416,0.7150037,0.6394278,0.43660837,39.322716
0.013038674,0.24996945,0.61778855,0.6583364,0.8033806,0.21684511,57.86517
0.078895025,0.29781905,0.8788138,0.77861,0.8054677,0.39206365,32.56447
0.110718235,0.16037218,0.47964165,0.752342,0.70254534,0.24858251,44.572224
0.0022099447,0.32868603,0.72884554,0.67434573,0.6385439,0.5154338,36.495728
0.013922652,0.14342546,0.08574679,0.638046,0.7291633,0.17166989,73.417366
0.04883978,0.36024845,0.22055562,0.1803491,0.32583383,0.23668696,36.550846
0.004640884,0.25164312,0.83557606,0.724489,0.62491775,0.6190662,42.023613
0.17524861,0.092603385,0.420465,0.48334953,0.4451791,0.255709,65.432014
0.0035359114,0.3622287,0.7635487,0.7010753,0.69053996,0.49785075,49.218487
0.01038674,0.28522652,0.69313663,0.6831558,0.71563596,0.4796275,41.276684
0.011712708,0.13787904,0.8124531,0.8941114,0.48336333,0.7755355,37.928772
0.03756906,0.3701227,0.29508173,0.15322469,0.2731308,0.23795885,17.865715
0.119558014,0.08902125,0.8509162,0.66696906,0.5782095,0.3371939,25.260447
0.6311602,0.111746505,0.74096555,0.20057176,0.08679011,0.3877164,10.508404
0.19712706,0.3671187,0.75237656,0.6730726,0.65131843,0.46566895,27.952381
0.003977901,0.4213162,0.74393123,0.9151647,0.403473,0.62366074,29.732857
0.08331492,0.2609596,0.3209342,0.7814748,0.8278651,0.24844125,48.102528
0.011270718,0.14245205,0.8089616,0.89685893,0.47973573,0.76671064,37.360336
0.011933702,0.22353163,0.65770006,0.6701019,0.80591285,0.3834757,49.049297
0.020773482,0.30850422,0.5450067,0.41550037,0.51150733,0.24433288,32.324024
0.013922652,0.31960738,0.048265256,0.38959953,0.4744141,0.25999972,31.416666
0.67314917,0.06516618,0.57426447,0.19566606,0.07734389,0.59024996,7.4519773
0.0041988953,0.28049946,0.7966994,0.70849776,0.6704187,0.4982061,50.90972
0.009944751,0.24665096,0.8818549,0.8015611,0.5381016,0.58676887,34.903954
0.006187845,0.30785155,0.6901628,0.6431329,0.720955,0.43135405,56.46619
0.009723756,0.5390728,0.8642045,0.88072276,0.3460408,0.50341356,25.023678
0.0041988953,0.31500715,0.7250009,0.66933227,0.71204984,0.6111315,46.08889
0.030718233,0.3762455,0.105865605,0.2942874,0.33413765,0.17345999,27.288301
0.010828729,0.17213935,0.91009617,0.87890315,0.42693567,0.6322103,29.19382
0.015248619,0.22563516,0.9549604,0.78254485,0.6968268,0.66532487,39.668674
0.020110497,0.32973626,0.045133792,0.38171455,0.46553022,0.26096877,32.583332
0.34629834,0.28044584,0.74731004,0.47332737,0.24612372,0.16094486,61.04073
0.0075138123,0.28454375,0.792758,0.7087095,0.69043106,0.49957243,52.25838
0.18143646,0.17856762,0.020683745,0.45866272,0.20254777,0.10010255,54.903736
0.0037569061,0.2568984,0.753736,0.7324598,0.59661514,0.62792474,43.333797
0.015027625,0.21543221,0.12862834,0.6201484,0.72624373,0.19160444,77.58596
0.23381215,0.2220814,0.456944,0.37778923,0.33591524,0.16481553,45.113316
0.009502762,0.06418164,0.31031394,0.53740287,0.585778,0.095756024,28.3518
0.097679555,0.23312771,0.7844581,0.6730306,0.6644018,0.629409,28.220057
0.04331492,0.2618134,0.573426,0.33723614,0.47843683,0.2729518,26.477777
0.4039779,0.23764461,0.65796036,0.54722667,0.4761517,0.63515973,30.625698
0.011933702,0.26739004,0.65010387,0.6627443,0.7780973,0.31751958,56.04762
0.0022099447,0.41248414,0.7514146,0.7047727,0.6463287,0.4301486,39.403633
0.003314917,0.35257915,0.74801254,0.686466,0.69551265,0.53492516,49.01257
0.0044198898,0.19950515,0.86807376,0.7952125,0.40405273,0.6849147,26.666159
0.08928177,0.0726043,0.5373747,0.6181228,0.5469636,0.29769605,66.98873
0.028729282,0.26394412,0.0012610316,0.38963005,0.48123997,0.275908,26.526388
0.0088397795,0.21439962,0.85118204,0.73178935,0.7564649,0.5516867,51.605633
0.03558011,0.24231991,0.1663803,0.3840215,0.45336455,0.20053539,24.876068
0.0092817675,0.32435924,0.67038494,0.6485326,0.7268624,0.40421844,58.555557
0.043093923,0.32044348,0.0687973,0.2405908,0.4036403,0.3122516,28.367687
0.0075138123,0.3041883,0.7114808,0.68502307,0.7127772,0.5398452,47.26264
0.01878453,0.21275066,0.1289315,0.5867231,0.74348485,0.2435453,68.18472
0.25082874,0.072079025,0.04980269,0.5628288,0.32766604,0.082960345,36.54507
0.055027626,0.38289014,0.22090498,0.18693899,0.3225002,0.22930671,22.037037
0.0028729283,0.33497545,0.73071826,0.70165706,0.5812834,0.4789251,39.66384
0.0088397795,0.19761817,0.53726095,0.52247024,0.73120844,0.1732632,50.959496
0.007955802,0.21509789,0.84732634,0.7312038,0.76152104,0.5599059,55.247826
0.012375691,0.23781916,0.5868784,0.65798736,0.79468846,0.18592308,57.94302
0.013922652,0.28054792,0.7910971,0.7085445,0.68261445,0.5022271,57.001392
0.10674033,0.15943399,0.94781065,0.74577403,0.6750863,0.22172943,48.23743
0.03801105,0.37364072,0.29148713,0.14915155,0.2811996,0.21569614,18.87857
0.0059668506,0.29189777,0.732379,0.66492915,0.711152,0.6050124,50.791668
0.0070718233,0.32756028,0.8488948,0.74516845,0.63377786,0.7549333,44.47493
0.082209945,0.36384636,0.68059057,0.6390445,0.555423,0.23207255,63.99438
0.0075138123,0.32769448,0.8403594,0.741225,0.74648273,0.6283389,47.020893
0.017679559,0.2199628,0.8341787,0.74766994,0.56092995,0.48920798,32.276836
0.08353591,0.2676527,0.32119462,0.7820213,0.82679856,0.23549959,48.268803
0.0998895,0.15545216,0.22027783,0.41024753,0.55670255,0.24287513,26.009832
0.0028729283,0.36005038,0.7647612,0.7027967,0.6919541,0.49746534,46.879887
0.005303867,0.29497865,0.82245886,0.7183006,0.6759876,0.55882585,48.465614
0.30740333,0.24904189,0.19724706,0.40210697,0.36947158,0.2980703,25.28169
0.013922652,0.25469428,0.9006083,0.82286906,0.56503266,0.49590173,51.256268
0.011933702,0.22175212,0.65876347,0.6709869,0.80618405,0.3784551,50.467606
0.030276245,0.23444365,0.93772674,0.75497794,0.71568453,0.5609609,26.00669
0.0121546965,0.28715658,0.9892008,0.77705836,0.7208279,0.64938,45.976387
0.14077348,0.07583864,0.3159975,0.6517446,0.596381,0.43531147,50.644287
0.016795581,0.23145482,0.85540164,0.80120826,0.5952106,0.72596675,46.450565
0.0024309393,0.11662125,0.9387769,0.40059635,0.5153583,0.25921112,21.48736
0.06298342,0.2925922,0.87739545,0.78285956,0.8028932,0.39060268,37.193592
0.022983426,0.08043418,0.96304303,0.7214334,0.71029264,0.5282589,59.288887
0.18850829,0.14824025,0.6734663,0.51847243,0.57860744,0.23810409,54.415012
0.091491714,0.123826616,0.5638275,0.6173408,0.54577434,0.30110255,69.81285
0.007955802,0.18654376,0.5399486,0.5185859,0.72108155,0.17474476,49.282124
0.019668508,0.09505188,0.68400365,0.66920924,0.7718363,0.4485577,50.295197
0.029171271,0.3773987,0.13037474,0.2258508,0.3469211,0.1698198,34.818054
0.005745856,0.19171175,0.75606614,0.90062594,0.4277698,0.72980016,27.990252
0.005303867,0.2546266,1.3250457e-12,0.5758207,0.5737965,0.16221403,28.179083
0.011933702,0.22238843,0.65830046,0.67062926,0.80973977,0.38026378,51.959038
0.085966855,0.06010365,0.23451294,0.4071376,0.5263767,0.22251108,27.045198
0.23646408,0.22711155,0.45857835,0.3676183,0.34411415,0.16390227,36.206127
0.10077348,0.21140364,0.5698267,0.60576797,0.55286646,0.30936933,67.61648
0.017458564,0.19197156,0.07853097,0.59693694,0.7597019,0.2329982,68.152664
0.026961327,0.20030898,0.8338396,0.8109567,0.66095346,0.3645377,37.145954
0.30232045,0.27768347,0.5672644,0.7835729,0.22534387,0.87496537,19.056944
0.055248618,0.2410096,0.8473348,0.7481935,0.6780709,0.5437853,42.535397
0.006850829,0.33735383,0.8389395,0.74069476,0.7373969,0.62110555,45.172222
0.005745856,0.28174204,0.8489846,0.73698306,0.74097085,0.6313317,43.250732
0.06917127,0.283959,0.8513124,0.7131622,0.66621846,0.55403024,23.854166
0.010828729,0.1995218,0.8918934,0.7079332,0.63419235,0.68012184,32.081005
0.04839779,0.20490366,0.63121223,0.56825995,0.69885606,0.240289,49.294117
0.004640884,0.0044931816,0.1679083,0.5457885,0.57472336,0.08113604,26.597734
0.0026519338,0.31866544,0.5297124,0.5695522,0.7949969,0.1844435,50.480335
0.003314917,0.26516035,0.8363382,0.7317636,0.62360036,0.6027554,38.860725
0.0015469614,0.29412428,0.706464,0.63352466,0.62787795,0.48002967,41.836113
0.0026519338,0.34770215,0.729968,0.68580127,0.69197935,0.48537126,43.87361
0.018342542,0.19268878,0.09610373,0.59434295,0.75453335,0.23668598,75.239555
0.24176794,0.16802336,0.50572705,0.53742385,0.3176208,0.05374565,36.949722
0.8523757,0.2559459,0.5075732,0.4260356,0.039700255,0.20819397,7.043988
0.015690608,0.064338915,0.9664979,0.7144344,0.6829342,0.55300915,53.729805
0.054585636,0.1895597,0.93049747,0.7384746,0.6463967,0.6020558,39.370834
0.024751382,0.19270062,0.5778291,0.66987777,0.77242297,0.24314353,63.0824
0.33767956,0.09130876,0.6464709,0.72031665,0.22355448,0.4687334,22.764706
0.009944751,0.24320656,0.87893033,0.8005941,0.54551595,0.58794886,34.38687
0.043535914,0.06288575,0.92826563,0.78076434,0.59752774,0.4920008,32.680054
0.13281767,0.08343977,0.038437918,0.58698153,0.4667564,0.360584,50.354343
0.0070718233,0.22428204,0.22677222,0.54123473,0.5061725,0.20531884,18.703966
0.006187845,0.050104085,0.3214195,0.5355985,0.5649511,0.09929411,30.288301
0.07845304,0.25780913,0.9022152,0.803931,0.35396105,0.6510727,24.211864
0.3801105,0.4156164,0.84400874,0.48225853,0.25464708,0.13350342,42.948277
0.004640884,0.42498022,0.70696723,0.9427049,0.41132715,0.77683395,29.20143
0.053701658,0.19309571,0.9385143,0.7427995,0.65315294,0.61989164,36.36023
0.10187846,0.044793367,0.046287213,0.6862695,0.59738773,0.7242393,41.269665
0.23182319,0.14312352,0.26416883,0.6458032,0.15646225,0.863222,19.857557
0.003314917,0.070205376,0.8470139,0.9154451,0.4498164,0.69450617,28.714888
0.019889504,0.1960058,0.7502473,0.68031764,0.7447057,0.46015486,49.019554
0.29480663,0.21340716,0.39902213,0.42030117,0.291242,0.100834645,32.961113
0.4159116,0.54338586,0.54309225,0.623389,0.2770223,0.60041314,34.698593
0.035801105,0.22989759,0.16205172,0.3882005,0.4496771,0.19917354,23.121883
0.011270718,0.12963116,0.81756043,0.89268184,0.49253154,0.7888641,34.637142
0.007955802,0.34056437,0.83863497,0.74203753,0.7352746,0.61914,43.44944
0.0019889502,0.34165594,0.726152,0.68740535,0.70040005,0.48102102,42.583332
0.22033149,0.23790875,0.18783714,0.25800297,0.25269768,0.06086245,17.657381
0.0030939225,0.21252902,0.7596255,0.9031141,0.49043918,0.71991754,38.267506
0.008618785,0.30024597,0.61367565,0.63288665,0.7848758,0.23672588,59.3118
0.085745856,0.101737715,0.4586098,0.6163585,0.5498028,0.27414513,66.2381
0.53767955,0.1348446,0.12369913,0.5673864,0.11971737,0.62542033,14.767341
0.008176796,0.27907842,0.8111201,0.901654,0.48053265,0.7456304,48.28028
0.3038674,0.018435402,0.3920549,0.66096854,0.17647617,0.06457526,98.80447
0.012596685,0.15535122,0.29961908,0.53064895,0.77509344,0.23380613,50.417366
0.0026519338,0.32107762,0.7187254,0.672467,0.71502465,0.62999314,46.292793
0.007955802,0.34450066,0.7089274,0.67695594,0.73972887,0.5267479,56.6759
0.055911604,0.3004742,0.14952058,0.2120149,0.3377816,0.20411685,19.777933
0.021436464,0.052402068,0.5402383,0.6645162,0.78780955,0.30931675,60.005604
0.18983425,0.36065176,0.75137323,0.6696117,0.658558,0.4695666,29.969444
0.005745856,0.36700875,0.7272203,0.6957481,0.69066876,0.45788026,41.13092
0.28464088,0.25925395,0.70720774,0.6879108,0.4035736,0.619795,15.26545
0.0601105,0.406951,0.2917999,0.27058288,0.23406656,0.17374328,14.300872
0.0077348067,0.5025695,0.7205179,0.9455421,0.40402403,0.83312476,25.985994
0.44685084,0.29448828,0.09851778,0.64187026,0.17505687,0.519362,15.159155
0.0024309393,0.15348835,0.70880735,0.73894286,0.52948534,0.7692289,34.400276
0.13436463,0.20391202,0.5255309,0.5091417,0.19838409,0.078272566,64.43896
0.07226519,0.16051637,0.9304379,0.80990386,0.9886103,0.30823472,39.220505
0.0077348067,0.23178147,0.9645251,0.7714107,0.7334812,0.6413561,46.94183
0.0013259669,0.22658241,0.7057657,0.9276235,0.48959464,0.7598776,28.994398
0.029834256,0.3760391,0.1333857,0.22790025,0.3442439,0.16881782,32.135475
0.005303867,0.39942914,0.7321002,0.91603255,0.43998593,0.75638115,28.087988
0.016353592,0.11147924,0.63146126,0.66819453,0.79438883,0.31278843,52.434357
0.0030939225,0.31066805,0.78335017,0.74330497,0.6026834,0.5933645,42.53221
0.02961326,0.23541379,0.8393861,0.66785884,0.7748475,0.33101243,56.437325
0.039779007,0.07770399,0.59359646,0.6512773,0.7166211,0.25564727,60.932774
0.34143648,0.065855704,0.6515811,0.7312839,0.22169746,0.45964038,24.984594
0.008176796,0.26185447,0.7614645,0.7459533,0.69957334,0.6138985,57.273373
0.005745856,0.26102597,0.5595307,0.5965793,0.67990685,0.19070381,52.245586
0.016353592,0.22617646,0.9525326,0.76726794,0.7141607,0.6539684,47.99859
0.0026519338,0.32572857,0.7903198,0.92464805,0.41637546,0.7781544,26.470589
0.006187845,0.3584789,0.5764204,0.61638236,0.79318947,0.18040778,61.183334
0.03690608,0.2631649,0.5697903,0.33418152,0.4709481,0.27610722,26.204166
0.040220995,0.069067545,0.9349633,0.7856147,0.61461955,0.49334309,37.42577
0.005745856,0.30463868,0.5189719,0.41655037,0.51922333,0.24610615,33.129215
0.38121548,0.24662146,0.11206596,0.21901868,0.13331282,0.18368167,18.974648
0.11513812,0.33313012,0.42718118,0.7452285,0.71507084,0.2801157,55.874653
0.05038674,0.21484609,0.8083327,0.716069,0.68277586,0.87610936,45.76389
0.25104973,0.113150604,0.5162127,0.56668544,0.3199925,0.08265502,35.49438
0.0154696135,0.2952738,0.52808464,0.5890119,0.694737,0.2230313,58.88952
0.07425415,0.23273896,0.49903443,0.80030227,0.9470021,0.25263312,74.37712
0.40861878,0.23983732,0.65900123,0.5436933,0.4618768,0.63658804,40.890625
0.24596684,0.2182845,0.33877736,0.506294,0.31666747,0.06971708,44.189945
0.019668508,0.34094313,0.69695526,0.89819884,0.47776097,0.6791751,33.82062
0.003314917,0.29008487,0.814822,0.7151153,0.66992193,0.56493765,57.205555
0.006187845,0.32892174,0.6972592,0.67226386,0.73067033,0.5400284,54.685394
0.0075138123,0.11826789,0.63440794,0.6133859,0.624688,0.19572541,41.305016
0.017900553,0.03884025,0.9075506,0.8542173,0.5010163,0.61159194,36.181946
0.007292818,0.26508468,0.70569724,0.7474067,0.67841244,0.6253738,47.39697
0.011712708,0.25219336,0.02599132,0.40050098,0.49171954,0.2618461,34.71727
0.0008839779,0.29389942,0.70370626,0.6340349,0.6112885,0.48440468,35.74438
0.007955802,0.27084416,0.70404893,0.9224565,0.48134983,0.7708963,35.757618
0.0059668506,0.31433156,0.7174362,0.6938493,0.72332215,0.5430648,46.204735
0.026961327,0.16530512,0.9860344,0.7045524,0.75490385,0.47799274,50.85154
0.0013259669,0.44003177,0.7173035,0.71219325,0.67517954,0.48724985,48.333332
0.047955804,0.20654257,0.6359489,0.5670278,0.7039787,0.23681211,54.98994
0.0092817675,0.2806863,0.78675365,0.7057407,0.67531615,0.5048242,50.873962
0.004640884,0.34077978,0.73656774,0.6713617,0.7066982,0.579771,42.572445
0.018121548,0.32802093,0.042561147,0.3796279,0.4528749,0.26195392,30.840626
0.01281768,0.32634044,0.6668871,0.64910483,0.73630685,0.39205125,66.16428
0.10033149,0.12470446,0.22895698,0.584564,0.48789907,0.20960142,76.35933
0.10276243,0.27076337,0.41747808,0.7781179,0.7972462,0.25247797,35.75
0.110276245,0.1599319,0.4863549,0.75167346,0.704274,0.24497554,49.15928
0.01878453,0.31259826,0.70007163,0.8962867,0.48317122,0.6743522,32.19684
0.019889504,0.12489139,0.5994782,0.6652839,0.80845165,0.35840428,55.452248
0.01922652,0.39860666,0.15174262,0.18037675,0.31535769,0.17465605,23.817142
0.06917127,0.26498502,0.85923856,0.7685697,0.80375355,0.3326392,41.30791
0.06541437,0.5338301,0.359367,0.5914304,0.15355156,0.031536732,33.96399
0.0017679558,0.3041843,0.71980727,0.6617305,0.7003241,0.6378691,55.42897
0.013922652,0.28582162,0.98790586,0.77683806,0.7194484,0.6490709,47.09887
0.016574586,0.2098492,0.751572,0.68002677,0.7506434,0.45013097,50.34454
0.44707182,0.27754864,0.08882046,0.62843966,0.16678236,0.5194921,21.56704
0.007955802,0.30656183,0.536346,0.5947416,0.7140874,0.20664325,53.40947
0.045082875,0.06158041,0.9113363,0.7740791,0.6065335,0.4973769,36.16808
0.17502762,0.14696889,0.43561926,0.47230598,0.43933964,0.2567732,67.54843
0.022762433,0.15996051,0.99357957,0.7033689,0.75495267,0.47660288,56.072422
0.024309393,0.18208009,0.88631,0.80418944,0.6807313,0.3960756,44.471672
0.0030939225,0.36304283,0.565319,0.58118796,0.7839366,0.22009347,54.731842
0.007955802,0.16863285,0.72177774,0.88587546,0.38134784,0.61352926,28.485876
0.036464088,0.36251187,0.87883705,0.80995154,0.5317769,0.7448189,42.629528
0.0030939225,0.28535622,0.80938584,0.71699214,0.64733523,0.60825735,38.716667
0.0760221,0.25001138,0.87919855,0.7402141,0.6559994,0.4893748,49.243732
0.10917127,0.16577232,0.92529196,0.7508247,0.6856052,0.2204387,44.43399
0.27182323,0.10024455,0.54413295,0.5614755,0.29294622,0.094431356,38.007023
0.0044198898,0.26602,0.57223886,0.5937145,0.66445124,0.19507164,44.57843
0.0041988953,0.2053991,0.0017783338,0.56736636,0.80822736,0.2576763,42.60393
0.0044198898,0.09058717,0.63702714,0.6087568,0.62101,0.19755493,41.962185
0.13502762,0.080609776,0.31975994,0.64481616,0.6221608,0.44550985,48.5254
0.060331494,0.37392977,0.114962764,0.296231,0.41668338,0.27977914,33.066574
0.046629835,0.38515177,0.21906342,0.18668817,0.32259455,0.22986731,22.86111
0.038232043,0.35121146,0.66943926,0.6128223,0.71333605,0.27885845,49.707626
0.008176796,0.22899178,0.8126967,0.8882997,0.480676,0.8031393,33.235374
0.20198895,0.15257753,0.13130684,0.8251741,0.21556489,0.89066696,42.490196
0.0024309393,0.3145591,0.5290128,0.5689924,0.78716606,0.18522246,53.327778
0.013922652,0.38710198,0.9279172,0.8208053,0.35454592,0.5573616,31.579832
0.005303867,0.36432514,0.7259722,0.6910732,0.70393384,0.45458108,41.80056
0.05325967,0.24278763,0.1645906,0.109495856,0.25242823,0.26313907,17.741936
0.006850829,0.080965206,0.3155621,0.5384977,0.5721226,0.099671066,25.543661
0.23712707,0.18074828,0.4787957,0.37934086,0.328007,0.15684544,38.557747
0.0028729283,0.47079957,0.74900967,0.71433806,0.6469927,0.4257178,45.21528
0.039779007,0.2632066,0.17126721,0.19344209,0.30541486,0.19127655,30.711864
0.04773481,0.18219309,0.84808725,0.80200267,0.8869148,0.3369297,38.693905
0.639116,0.08721673,0.74203426,0.20303605,0.084142394,0.3772025,4.4749303
0.09392265,0.21114482,0.45219636,0.48148605,0.64693856,0.24900061,48.080738
0.0601105,0.1701788,0.74070525,0.65245414,0.70486635,0.40736246,48.537037
0.3279558,0.3621686,0.08789404,0.4502208,0.14851813,0.045794383,34.299442
0.33392265,0.11426737,0.69690526,0.56328464,0.606226,0.50358903,31.77095
0.0055248616,0.5045335,0.7202399,0.94585204,0.40413174,0.83102685,25.631653
0.0022099447,0.18889937,0.7347209,0.8913152,0.39043775,0.60008776,32.238827
0.040883977,0.30670068,0.2471836,0.2516286,0.34323058,0.18378997,17.380281
0.08331492,0.061553974,0.2080872,0.4120538,0.53270626,0.2190548,23.037605
0.94917125,0.5025239,0.15243058,0.22780584,1.04013596e-10,0.08014223,16.117264
0.10541437,0.3301581,0.51477,0.5984256,0.5551494,0.33981872,65.461754
0.007955802,0.25755295,0.5563408,0.5944259,0.6677606,0.1856123,46.915043
0.04486188,0.40563786,0.123653874,0.29216167,0.41153392,0.26644987,29.411144
0.039779007,0.28943753,0.122329645,0.36752865,0.35416555,0.15943308,22.007103
0.49458563,0.2725806,0.6655667,0.35245296,0.15896855,0.2030405,64.51695
0.0013259669,0.3393149,0.627531,0.5924871,0.6903153,0.16081598,50.834797
0.07447514,0.32465106,0.91929334,0.7954738,0.95658284,0.26153508,34.677464
0.08883978,0.13335447,0.7265728,0.78290725,0.37121552,0.6000644,21.518055
0.1401105,0.09990579,0.07676062,0.5848081,0.47451168,0.35917133,48.610336
0.27933702,0.08971584,0.5552292,0.53320575,0.25918773,0.10040193,32.861824
0.011712708,0.24611583,0.5475205,0.58988166,0.6733631,0.1861102,45.556656
0.003314917,0.36912015,0.7638153,0.70254016,0.6919902,0.49391684,48.11773
0.08,0.2651163,0.70007074,0.64930797,0.54225016,0.25556052,61.243732
0.0050828727,0.34201103,0.7178524,0.71349883,0.7220229,0.5538545,49.278248
0.015248619,0.29820958,0.95939535,0.80535483,0.68680376,0.5814494,41.853184
0.3522652,0.36039245,0.69360524,0.46039554,0.2476493,0.18215403,55.54131
0.019447515,0.088516556,0.8692168,0.75133777,0.4034927,0.90782523,32.125698
0.012375691,0.28142756,0.9884612,0.77734447,0.7214921,0.65257233,48.117317
0.020552486,0.14887597,0.15755665,0.653116,0.74279714,0.20929237,52.82687
0.03314917,0.122408636,0.5773291,0.652437,0.7275349,0.2536403,63.4972
0.012375691,0.23887101,0.58762914,0.6578882,0.7960061,0.18609211,57.448032
0.0048618787,0.40415025,0.73170555,0.91675925,0.43892774,0.75307703,27.20927
0.028729282,0.24432048,0.8326793,0.66905,0.77660763,0.3308709,62.2919
0.28640884,0.38568312,0.55566275,0.7328403,0.28674346,0.69800305,26.651989
0.0050828727,0.7644189,0.78883606,0.92190146,0.34741992,0.49655184,21.455679
0.32220995,0.42146638,0.18392378,0.3935077,0.33729416,0.1977609,27.229578
0.0015469614,0.23089601,0.73260397,0.92063785,0.49322605,0.8044394,31.476322
0.42541438,0.39384136,0.007955182,0.68253016,0.23237781,0.6785018,22.063889
0.034696132,0.24264824,0.2595436,0.2569768,0.21914001,0.13251778,26.814972
0.106961325,0.21089917,0.7229963,0.6221883,0.54901916,0.25142467,59.052708
0.22939226,0.20682812,0.94519657,0.4427621,0.3469131,0.0991008,45.84819
0.66386735,0.17870075,0.901117,0.25041935,0.053590365,0.15032442,28.277779
0.008618785,0.13037719,0.91198885,0.7631242,0.7770853,0.5986421,29.372833
0.0017679558,0.34579784,0.7507301,0.6937959,0.6167115,0.47019067,48.909218
0.24839778,0.27961183,0.3534181,0.51617885,0.31482306,0.07685024,53.02661
0.017900553,0.23008958,0.15428218,0.6167228,0.7259461,0.19151323,68.379555
0.030718233,0.36601418,0.5924199,0.60165,0.75100684,0.26000172,53.25921
0.013701658,0.10749688,0.5893197,0.5383699,0.5739916,0.26049194,33.855827
0.055911604,0.29847488,0.17550603,0.20960115,0.3382294,0.20635578,22.294117
0.051933702,0.27614754,0.75822425,0.6937158,0.67235756,0.6960177,45.044693
0.06209945,0.28230992,0.8529905,0.7135303,0.6667643,0.5568025,29.312849
0.27093923,0.26185554,0.70972914,0.6915605,0.4351189,0.6127962,16.9625
0.0720442,0.3281509,0.9160933,0.7949159,0.9509186,0.26415223,37.256985
0.3244199,0.40235007,0.6618512,0.6372459,0.49977273,0.5527881,34.978447
0.0055248616,0.32066223,0.7211311,0.69665504,0.71294415,0.5437853,51.317547
0.16928177,0.40482008,0.46247208,0.6451099,0.18127249,0.0047435956,32.610336
0.0154696135,0.28538433,0.8296249,0.8962152,0.47154456,0.73460126,36.539104
0.010165745,0.31606242,0.5290317,0.5920179,0.71429867,0.21655811,53.324562
0.0037569061,0.23552257,0.7409384,0.9232156,0.49210674,0.7643332,35.15503
0.015027625,0.29888067,0.9559763,0.8074882,0.6801353,0.575106,41.88227
0.02364641,0.24226087,0.9740193,0.7699592,0.7215161,0.64574003,52.06601
0.03314917,0.24558273,0.2395862,0.25151607,0.23255236,0.1371451,34.618385
0.034917127,0.25008622,0.86229336,0.7287872,0.62533844,0.7814263,37.94429
0.0028729283,0.2880236,0.7932988,0.70796084,0.6814176,0.4986274,53.956215
0.1317127,0.07781036,0.0061760284,0.5841415,0.48393214,0.36324796,50.037605
0.0024309393,0.21278359,0.8568762,0.7198751,0.63972884,0.656439,37.637882
0.04,0.121862106,0.76203394,0.6830013,0.5827567,0.7659803,23.857542
0.0044198898,0.3149308,0.70566344,0.6440656,0.6854656,0.4100091,49.447075
0.0048618787,0.19602399,0.77119696,0.8950317,0.5012648,0.7413039,39.39496
0.015027625,0.25081503,0.5847695,0.5429714,0.5889463,0.18869188,28.949295
0.2355801,0.2576917,0.26357272,0.3820245,0.38463482,0.19229911,39.153847
0.039779007,0.2688423,0.1309208,0.36777183,0.33905572,0.15515718,20.178873
0.007292818,0.16638531,0.905787,0.76803946,0.7734616,0.58760905,41.833332
0.010165745,0.239072,0.9705481,0.7822168,0.69563466,0.6670312,43.014046
0.24508287,0.2695777,0.61150515,0.50349975,0.40574855,0.3116526,34.332863
0.12441989,0.23272963,0.03402507,0.50670123,0.15458614,0.07259245,10.125392
0.013038674,0.11998805,0.9238119,0.7621486,0.77661836,0.6021202,44.307365
0.0035359114,0.60566175,0.7857288,0.91595244,0.33613604,0.50802153,24.049295
0.009723756,0.32785204,0.6677973,0.6491668,0.744152,0.39560446,62.62465
0.18276243,0.073194884,0.28515205,0.47809955,0.43265888,0.27254435,57.604225
0.010828729,0.22759065,0.9610424,0.7762191,0.7162628,0.6181117,48.970753
0.027845304,0.14344925,0.47689095,0.81818366,0.4731896,0.48562902,45.8132
0.28287295,0.41694817,0.55556476,0.6910379,0.32572603,0.5965165,18.790087
0.0044198898,0.34054586,0.7368089,0.67192054,0.7176951,0.5786607,39.614162
0.08243094,0.22867765,0.8328134,0.78462195,0.8963465,0.22651115,38.155716
0.031823203,0.33647838,0.9263911,0.8101442,0.34404248,0.56859344,28.924582
0.08464088,0.14180511,0.90776354,0.64062476,0.5570151,0.25566214,65.37673
0.08486188,0.30977583,0.67253435,0.6002004,0.5792063,0.2843497,55.320225
0.16375689,0.3460941,0.96045953,0.56654334,0.51408416,0.2352691,49.65266
0.17127071,0.11060803,0.43912214,0.47909614,0.44937348,0.23980868,76.31481
0.009723756,0.2912117,0.83016855,0.89811873,0.47781152,0.74229133,40.918766
0.076243095,0.16792184,0.38897008,0.8023355,0.9272463,0.2805204,54.35955
0.09038674,0.07022718,0.17812091,0.4181001,0.54764,0.21556728,32.359722
0.11138122,0.3315139,0.44851193,0.7577274,0.74756795,0.30684537,56.91292
0.09635359,0.32232323,0.2452594,0.1037061,0.23621134,0.2739518,14.4399395
0.0015469614,0.29430062,0.7062454,0.6341064,0.6329126,0.48998344,40.776535
0.11160221,0.34337458,0.44493815,0.75473285,0.7413732,0.31552574,56.715084
0.2532597,0.035414204,0.727532,0.819473,0.20958678,0.4517057,36.399723
0.008397791,0.34160024,0.7094769,0.67743754,0.73066556,0.5273268,60.113766
0.025856355,0.24940968,0.50630105,0.36475536,0.45100975,0.2773112,24.385155
0.08928177,0.25274232,0.3170481,0.08324788,0.13045448,0.18194088,16.567142
0.013259669,0.17234768,0.9131112,0.87828803,0.41655064,0.63323903,27.042253
0.01480663,0.32915395,0.67971486,0.65443397,0.747388,0.43734297,53.051388
0.005745856,0.34467462,0.73141116,0.6722696,0.7110093,0.5641684,48.351906
0.0037569061,0.3457774,0.73536247,0.6723678,0.71412885,0.57766914,47.423183
0.0026519338,0.16125521,0.70276767,0.74029326,0.51222074,0.77621603,36.430984
0.0050828727,0.3398785,0.7313443,0.6719558,0.697562,0.5628618,40.820335
0.016574586,0.37971905,0.67353964,0.64239573,0.7325804,0.31725785,60.64944
0.0024309393,0.3025998,0.7195322,0.6604698,0.68636924,0.63902473,45.3875
0.0077348067,0.26145646,0.70379657,0.6750648,0.7786016,0.5280383,52.57486
0.07690608,0.2242698,0.4898309,0.79738307,0.9415262,0.2529357,66.02941
0.023867404,0.20966314,0.87665325,0.7876642,0.5251546,0.6266481,29.731672
0.13060772,0.37646818,0.21596503,0.35118267,0.38511723,0.15530887,23.225761
0.09060773,0.1703647,0.033403303,0.23636411,0.43103293,0.27592283,31.469358
0.05635359,0.13107,0.935826,0.81116843,0.98825747,0.30307508,45.04635
0.026519338,0.17573437,0.97073597,0.70718646,0.7546148,0.4809977,50.801136
0.008397791,0.21474469,0.8484298,0.73154235,0.76159686,0.55694604,53.665737
0.0026519338,0.3352548,0.7312936,0.69980025,0.58298856,0.4698826,38.972622
0.015690608,0.2143079,0.13347864,0.62114024,0.73536193,0.19219081,69.78911
0.003314917,0.36308524,0.56537145,0.5817621,0.77253246,0.2196429,47.800552
0.02364641,0.29153147,0.90323937,0.6480701,0.6972136,0.20978977,66.43889
0.16110496,0.038828447,0.63172066,0.53074336,0.5341798,0.43602127,33.87955
0.106961325,0.3252972,0.47073936,0.76312613,0.76598656,0.33131206,54.245125
0.055911604,0.1704113,0.6706241,0.64232993,0.7049574,0.42755377,48.002792
0.0059668506,0.34552464,0.5896036,0.6105182,0.7924846,0.21053377,54.98997
0.42077348,0.40637755,0.0045035197,0.6752956,0.22975673,0.7534986,33.504154
0.68751377,0.27647734,0.8239378,0.19006704,0.0957034,0.24184191,26.022223
0.011933702,0.2793686,0.9391812,0.80355334,0.5660716,0.5575993,40.73677
0.20044199,0.30463117,0.9491681,0.3292863,0.41617942,0.19057295,29.977528
0.007292818,0.2633636,0.7832436,0.7457626,0.7018957,0.6145526,45.701977
0.0077348067,0.29883075,0.5419418,0.42472908,0.51526964,0.23935042,33.611732
0.16287293,0.1387363,0.69795984,0.5256021,0.59191597,0.23967882,58.355526
0.08044199,0.18164517,0.81403005,0.705899,0.5743534,0.41911006,38.88286
0.0070718233,0.27512404,0.8569697,0.7403171,0.63327324,0.77524954,42.531075
0.003314917,0.20209779,0.90659523,0.7548368,0.46461064,0.6661254,37.004272
0.1878453,0.16012783,0.52607983,0.45385143,0.17917123,0.102654494,57.573746
0.019447515,0.024631219,1.0,0.8509786,0.49244708,0.63687646,36.513966
0.016574586,0.37017828,0.5860855,0.6024883,0.75679606,0.25608146,60.01312
0.030718233,0.35829267,0.10948238,0.28952286,0.3262537,0.1720253,29.244047
0.0059668506,0.3284419,0.69478697,0.6691787,0.73492724,0.5535675,42.02521
0.011491713,0.24704108,0.010473154,0.40234444,0.5123857,0.26508904,38.97207
0.0017679558,0.33875212,0.5339264,0.56993556,0.7553919,0.18225537,51.1034
0.15756905,0.24443924,0.69962895,0.6775539,0.53433913,0.62628436,30.87147
0.4205525,0.24206713,0.6628459,0.54088664,0.461546,0.6370441,39.796658
0.0092817675,0.42471126,0.74469584,0.9173925,0.41704133,0.68506294,26.139277
0.02563536,0.30001536,0.913775,0.64344954,0.6975141,0.21562427,66.467514
0.06784531,0.29290095,0.877057,0.7832811,0.81194824,0.38914117,43.669445
0.006187845,0.19468614,0.54061043,0.52165675,0.73267937,0.17410016,55.893353
0.1356906,0.3147527,0.18245776,0.083680846,0.11016988,0.1307143,15.273611
0.0028729283,0.6682685,0.78746265,0.91789794,0.35519195,0.49882665,19.990223
0.012596685,0.24762425,0.6167163,0.65905166,0.79141426,0.21218756,58.11236
0.04243094,0.38443694,0.22223677,0.1877973,0.32230455,0.22793816,30.75431
0.0075138123,0.5197932,0.73481613,0.72077346,0.666302,0.43455088,45.41292
0.039779007,0.37309211,0.29144412,0.15031694,0.28398263,0.22020327,25.092068
0.025414366,0.17083848,0.76455826,0.7777326,0.6498091,0.75432414,47.81111
0.024751382,0.28204092,0.8551998,0.74339175,0.5518997,0.7657724,27.029829
0.039558012,0.20536995,0.20360851,0.41823837,0.4866858,0.17001931,24.748579
0.0050828727,0.12448134,0.98302704,0.7577932,0.46603328,0.58376735,31.564789
0.01922652,0.3904058,0.15769869,0.17631696,0.3084115,0.17072539,32.520893
0.0026519338,0.34650406,0.74270105,0.69380355,0.6358098,0.43830678,37.718925
0.04883978,0.21277688,0.23343718,0.4112012,0.46727252,0.17363223,24.474432
0.22917126,0.1615426,0.05379368,0.4868562,0.37757865,0.22966385,30.723463
0.006187845,0.32265404,0.7110456,0.6803806,0.73223686,0.5388318,56.22284
0.019668508,0.22573112,0.8576864,0.88154197,0.5041742,0.8268977,38.19806
0.009944751,0.30001178,0.6236792,0.64884067,0.7796215,0.20662566,52.051968
0.08751381,0.2517277,0.31705543,0.08390782,0.13108268,0.18192379,13.397142
0.17502762,0.117889486,0.23276345,0.47862026,0.41506776,0.27020356,49.83428
0.4205525,0.40349674,0.0046736267,0.67990184,0.22925068,0.7449977,30.86351
0.041546963,0.21946414,0.20049171,0.61393523,0.7158791,0.20062089,56.757023
0.003314917,0.6557343,0.7271736,0.956022,0.3854975,0.6077815,20.539755
0.0037569061,0.32351536,0.7175493,0.67201686,0.71748435,0.63224846,43.72059
0.016574586,0.18601884,0.5786355,0.6909063,0.7711555,0.4213894,60.233894
0.0077348067,0.323856,0.69003296,0.6604612,0.7369164,0.5151307,60.00277
0.015027625,0.2630272,0.5107156,0.3908994,0.4789946,0.27284077,31.18296
0.023204422,0.076088384,0.75036377,0.8806932,0.39912584,0.4659123,28.63611
0.02961326,0.17000109,0.9322182,0.86588264,0.5027723,0.8899881,38.23143
0.06740332,0.1835772,0.84320587,0.7988088,0.88868636,0.33977583,31.64326
0.0028729283,0.15159461,0.99141395,0.4060733,0.5149621,0.25533202,23.854519
0.0028729283,0.31985047,0.7182851,0.67133594,0.70982665,0.6331225,47.793697
0.2886188,0.2721928,0.18755345,0.40630504,0.333792,0.17991458,19.47191
0.011049723,0.34139124,0.8618394,0.76046634,0.549508,0.73840076,34.088318
0.08287293,0.27029216,0.3197469,0.7826545,0.8238353,0.23167998,49.049156
0.015248619,0.1780935,0.63990057,0.6727512,0.8041055,0.3700659,57.820335
0.24198894,0.07692082,0.6494691,0.46952793,0.42099574,0.36249036,22.50144
0.016574586,0.2998186,0.9582007,0.80752254,0.6802052,0.58585286,43.280727
0.01723757,0.30509347,0.69158846,0.6235292,0.71682876,0.33044165,51.03221
0.0024309393,0.34959936,0.72807515,0.6877744,0.61143744,0.48529962,35.223034
0.13104972,0.15564835,0.5091868,0.90064025,0.2305807,0.7416435,16.51308
0.003314917,0.27432522,0.7942233,0.7111852,0.66940176,0.50459915,54.683334
0.016353592,0.32569483,0.8268507,0.7640188,0.5354303,0.63427573,35.139275
0.011712708,0.17887984,0.6758528,0.86817145,0.36028543,0.5324944,27.593575
0.23911601,0.13891181,0.51651955,0.4942319,0.35234243,0.17806251,31.450138
0.0017679558,0.30902588,0.62683207,0.5890081,0.6941466,0.16706562,50.743282
0.36817682,0.28913453,0.062901355,0.46975014,0.17139505,0.039515752,28.450142
0.020994475,0.056172196,0.5413904,0.6654842,0.7890191,0.3119376,58.59339
0.0070718233,0.33225623,0.8371357,0.7421453,0.73913157,0.6202342,48.386364
0.0022099447,0.34659702,0.7266457,0.6879661,0.6882113,0.4784733,45.794693
0.027845304,0.06003013,0.71546406,0.45981857,0.54505867,0.15626302,30.405556
0.08353591,0.2579109,0.88307446,0.7372482,0.64864564,0.49195817,46.160168
0.10121547,0.0941382,0.21491913,0.5909765,0.48839802,0.20481522,78.887184
0.8501657,0.2336306,0.50832814,0.43621513,0.027300186,0.19882484,13.470589
0.020994475,0.12077033,0.59766096,0.66432834,0.8131873,0.36087126,53.788887
0.02563536,0.19463181,0.85393816,0.83523536,0.50788206,0.6781325,38.431946
0.0015469614,0.35162082,0.751211,0.7133968,0.6771011,0.53865165,41.060223
0.23668508,0.1884239,0.95951784,0.4344909,0.35829177,0.09141273,40.330055
0.33657458,0.11490057,0.18318366,0.502507,0.19354667,0.06995748,28.715878
0.009944751,0.2938163,0.93848073,0.8053539,0.55879176,0.55789644,44.09887
0.0022099447,0.22847077,0.08003173,0.5532167,0.5492529,0.21896854,29.870787
0.0019889502,0.31441137,0.5299033,0.567662,0.7800732,0.18598603,50.337048
0.8165746,0.068897314,0.15819159,0.33575508,0.028713144,0.33307046,31.989796
0.0048618787,1.0,0.7377751,0.9973066,0.35225672,0.5648896,18.886427
0.35933703,0.13733365,0.6460117,0.6735122,0.20267887,0.49016637,19.321428
0.0059668506,0.27977538,0.1679581,0.47805378,0.5522901,0.1372016,32.872223
0.0017679558,0.21158926,0.061231174,0.44410774,0.53564966,0.21355908,31.200558
0.01878453,0.17442778,0.13934784,0.65252566,0.7198588,0.16770628,72.47486
0.009502762,0.3413971,0.8683043,0.76192737,0.5574642,0.72671044,32.667133
0.0050828727,0.44183618,0.7120445,0.94218135,0.40551126,0.76785487,30.538889
0.0017679558,0.24170354,0.7412869,0.9279573,0.5090511,0.6928645,35.052113
0.011712708,0.25408548,0.50401866,0.40069363,0.5072322,0.2679671,34.991642
0.2119337,0.29888183,0.6837395,0.47139236,0.38938916,0.23318654,61.235374
0.018121548,0.24499017,0.92216647,0.6705463,0.70599216,0.19458166,53.944443
0.24994475,0.36987036,0.6539697,0.6438358,0.54379207,0.5085693,36.45365
0.0048618787,0.19998544,0.006754423,0.5685394,0.83488417,0.25258258,42.370472
0.22674033,0.15855645,0.061618853,0.48932907,0.37398553,0.22733966,26.543785
0.0035359114,0.21293151,0.7602661,0.9033506,0.49450618,0.7161477,39.670868
0.011712708,0.29981187,0.7083201,0.68686366,0.7173746,0.53706473,46.002777
0.0028729283,0.23645973,0.70118386,0.92720485,0.472144,0.7253419,35.207867
0.0017679558,0.2940808,0.70562536,0.6337545,0.6314234,0.48270458,40.271587
0.0048618787,0.19867867,0.008517594,0.5693443,0.8264208,0.24602363,45.491596
0.30320442,0.20466861,0.78632694,0.6867635,0.19847001,0.023846189,103.97759
0.09082873,0.32139972,0.8527321,0.7703092,0.82750225,0.3000765,43.792755
0.038674034,0.38620645,0.12778735,0.23139738,0.36021796,0.17066121,34.800316
0.009944751,0.32987782,0.73380554,0.6984012,0.66146874,0.52147996,41.795517
0.063425414,0.10935274,0.9469069,0.8104675,0.99127716,0.30153847,41.889973
0.23646408,0.14912766,0.07488455,0.4857137,0.36964464,0.22713147,29.303518
0.0055248616,0.29794523,0.83804107,0.74197745,0.6296256,0.76687866,44.396122
0.0030939225,0.17226776,0.71460134,0.91921306,0.48694623,0.8278472,35.442898
0.063867405,0.3186336,0.85404027,0.78204703,0.8613409,0.26503548,38.002777
0.16287293,0.23606977,0.9680789,0.37346813,0.44010156,0.20263603,29.621883
0.008397791,0.30225712,0.539529,0.42439625,0.5195583,0.24022703,35.541782
0.10784531,0.1886364,0.10648573,0.20737527,0.42281199,0.31688982,37.634453
0.27580112,0.10810231,0.5610004,0.51643634,0.40387663,0.2356976,34.470753
0.10364641,0.16318132,0.9258489,0.7523134,0.6776689,0.21824266,50.95404
0.0013259669,0.24423465,0.50832176,0.47079346,0.5403983,0.19152537,31.501385
0.16596684,0.28023458,0.7017575,0.67708564,0.54846245,0.59849143,35.518158
0.015027625,0.17653602,0.6398158,0.67263484,0.8110522,0.36958906,57.45112
0.055248618,0.19370964,0.92061484,0.7395742,0.6395742,0.6036806,43.597492
0.048176795,0.41024393,0.1243475,0.2941043,0.40622705,0.26428354,31.455965
0.013038674,0.3692287,0.61377126,0.614804,0.7533848,0.25627777,58.354465
0.009723756,0.29683527,0.6224317,0.64835525,0.77295816,0.20626508,45.837536
0.016795581,0.12192451,0.6314873,0.66827273,0.7968853,0.31299835,56.130253
0.015911603,0.32032475,0.82441384,0.76483226,0.5283136,0.63556623,34.665268
0.01723757,0.065366276,0.8940472,0.84865165,0.50516963,0.61938787,38.77451
0.003314917,0.23950699,0.6220408,0.5926082,0.7277917,0.19350284,53.84181
0.14629833,0.23484181,0.2042329,0.4632871,0.5483866,0.25178403,53.934525
0.042651936,0.2871467,0.5679657,0.34804794,0.46938837,0.27053466,27.147633
0.014364641,0.19577384,0.89129186,0.7057302,0.6389452,0.6852788,36.658684
0.0050828727,0.3304999,0.7232977,0.7006042,0.7167542,0.54687375,51.7809
0.28353593,0.3825009,0.6539026,0.6365659,0.5383637,0.5071001,29.280453
0.00640884,0.054997955,0.30414057,0.53879905,0.58251935,0.0927778,26.567867
0.06165746,0.411489,0.29181674,0.26901504,0.23281924,0.17565976,10.997207
0.0024309393,0.39903757,0.7358359,0.9425905,0.43267813,0.67618674,30.132769
0.006187845,0.39550698,0.8934584,0.72665954,0.6687811,0.63462144,50.178272
0.005303867,0.14038573,0.18240373,0.5776012,0.79464984,0.23731598,58.68017
0.11116022,0.07715726,0.8668028,0.6670263,0.57150006,0.3366871,25.405293
0.030718233,0.17760037,0.7860527,0.72002196,0.5506605,0.7966813,23.604519
0.024530388,0.17534043,0.89486873,0.8029449,0.676613,0.41761413,38.718563
0.0044198898,0.35559332,0.75198936,0.6894033,0.7032979,0.520588,42.375713
0.004640884,0.15617022,0.35552347,0.4823167,0.61824816,0.17510436,38.593056
5.04252e-11,0.24164146,0.5035603,0.4721839,0.54564923,0.1910203,28.332869
0.0011049723,0.54879487,0.8566321,0.87863517,0.319265,0.497754,28.735973
0.026519338,0.3736428,0.13928491,0.23325132,0.34095618,0.16679028,32.565277
0.0019889502,0.4207474,0.73408264,0.7177818,0.5506593,0.47033367,36.71127
0.003977901,0.21097995,0.8630536,0.89664245,0.51445407,0.78530145,34.7117
0.08640884,0.11293296,0.74906427,0.6322019,0.5622281,0.27022538,65.58143
0.1754696,0.09794288,0.39594373,0.4809682,0.4593801,0.2644781,63.202007
0.0044198898,0.29235598,0.8183091,0.71670985,0.6727148,0.56024367,55.514366
1.0,0.2263545,0.66382194,0.070440985,0.013190463,0.29871345,44.106144
0.03314917,0.26950124,0.18331237,0.23596834,0.28278258,0.18433446,25.714285
0.42961326,0.29903293,0.60531276,0.37443802,0.26352742,0.19430682,27.7479
0.030939227,0.07270518,0.8581879,0.746577,0.3802668,0.94061095,30.515581
0.06961326,0.2552548,0.8824873,0.73736835,0.6628736,0.4873368,57.28273
0.17922652,0.13614017,0.6979483,0.50191474,0.4568436,0.18572532,57.23677
0.0077348067,0.2556621,0.5569585,0.59323287,0.66226214,0.18723015,47.308125
0.06917127,0.24435121,0.57665175,0.32810757,0.46048087,0.27547848,27.259052
0.15779005,0.13127267,0.69544625,0.52612185,0.5923235,0.2395896,59.60278
0.0013259669,0.3221038,0.5048949,0.5653503,0.7476552,0.1735978,53.30226
0.1120442,0.15743315,0.40367693,0.50527644,0.15461676,0.14432287,34.931755
0.0035359114,0.25586587,0.24043192,0.5474222,0.49722177,0.20443259,20.93626
0.2316022,0.111706935,0.99405485,0.39623997,0.34167978,0.15426424,35.41243
0.2360221,0.28593156,0.2614855,0.3851268,0.38536623,0.19863796,36.001396
0.0022099447,0.33426854,0.788951,0.92573524,0.41187146,0.77281207,31.690884
0.03314917,0.23217124,0.16239305,0.38825294,0.46438485,0.19902954,28.550705
0.0075138123,0.37316692,0.5878619,0.6103122,0.75427353,0.251529,52.912537
0.0022099447,0.32982662,0.7261848,0.68299556,0.6979741,0.5112439,48.17131
0.10895028,0.21213895,0.11218976,0.53368163,0.2113732,0.08063071,59.051872
0.0059668506,0.3538951,0.575421,0.617337,0.79041576,0.18049997,63.579388
0.024309393,0.24755701,0.74090266,0.8948295,0.46753287,0.80884594,33.857143
0.003314917,0.23434402,0.08028441,0.55093265,0.54887897,0.22239387,30.044413
0.5348066,0.13595304,0.13529226,0.55928206,0.13085498,0.62858075,12.865057
0.019889504,0.23403202,0.82253873,0.78071666,0.5029818,0.6035891,43.17847
0.0075138123,0.3293837,0.6842675,0.6554649,0.74064744,0.46258387,59.709496
0.0121546965,0.2655055,0.9789568,0.7769973,0.70813286,0.64979684,42.269775
0.1677348,0.40932572,0.46183664,0.64821506,0.19197243,0.00457953,29.671568
0.014585636,0.25466236,0.9007369,0.82349086,0.5665127,0.4939426,50.92039
0.11425415,0.07349088,0.8768136,0.6726463,0.578135,0.33889604,25.122223
0.08243094,0.23260681,0.8334102,0.7848146,0.8897064,0.2255882,37.587257
0.0026519338,0.34610173,0.72999084,0.6856344,0.69488585,0.488573,40.416203
0.0050828727,0.13231613,0.118071064,0.5802171,0.810227,0.23496029,55.75208
0.041546963,0.35327032,0.0922216,0.2529523,0.41380987,0.30526814,32.629944
0.31116024,0.46163365,0.2655235,0.2808101,0.32364312,0.16568097,21.048992
0.028287293,0.34405127,0.15602078,0.22689699,0.3373489,0.16659696,34.138416
0.011491713,0.23703131,0.97216976,0.78351855,0.6953916,0.67427915,41.64624
0.0041988953,0.32153025,0.7073287,0.646569,0.6890641,0.40897635,49.748596
0.013038674,0.23524997,0.5852153,0.65826774,0.79352087,0.18613325,59.26741
0.023867404,0.39170358,0.14515838,0.18417524,0.3057778,0.18218723,31.276836
0.28132597,0.4247449,0.55558616,0.6937711,0.31592515,0.58434504,19.896551
0.08198895,0.22772193,0.8308458,0.7841947,0.8871889,0.22886309,39.93889
0.029834256,0.21033539,0.15274116,0.39832374,0.46012962,0.19650684,23.904226
0.0280663,0.33721903,0.6997897,0.89823985,0.48572022,0.68568647,32.59722
0.020773482,0.2313836,0.8526931,0.7816465,0.51434416,0.6180366,38.906425
0.24243093,0.15862872,0.0072535016,0.53688884,0.2999404,0.054904275,38.366295
0.0022099447,0.45559034,0.75321746,0.71441627,0.6487462,0.43559277,41.065716
0.022541437,0.19882847,0.7550141,0.7794807,0.6245806,0.912578,51.756233
0.3675138,0.3879734,0.0020194314,0.694947,0.23391204,0.5570198,22.352528
0.19049723,0.23496692,0.97583705,0.5344255,0.4989084,0.24724743,43.211113
0.024751382,0.173343,0.8992891,0.8033092,0.6736275,0.42580605,38.40286
0.0026519338,0.33655506,0.73001283,0.70180964,0.5697321,0.4741704,40.788136
0.07049724,0.20965391,0.87660956,0.8006284,0.8906623,0.34427553,37.874653
0.007292818,0.3706549,0.93153214,0.7141197,0.65729237,0.5899379,57.02958
0.0028729283,0.23027137,0.8095727,0.91486335,0.50369173,0.75893337,31.495798
0.014364641,0.06406144,0.97010624,0.7252166,0.7128634,0.5255476,54.884506
0.13414364,0.07942923,0.31919155,0.6473434,0.6149769,0.44296682,48.8518
0.036685083,0.28022644,0.5684403,0.34120628,0.47676003,0.27349332,30.93201
0.034254145,0.24918479,0.24203451,0.24548315,0.22551565,0.13684893,24.864286
0.014143647,0.23018017,0.9652747,0.78347945,0.68335426,0.6783052,38.55791
0.22939226,0.04284075,0.16003981,0.4703357,0.33097386,0.053017765,28.173353
0.17767955,0.13209024,0.6978177,0.5065963,0.45807564,0.18597165,62.861732
0.022099448,0.14735255,0.9064664,0.8669183,0.5103167,0.88001597,50.983334
0.25038674,0.39562106,0.657962,0.6495073,0.5244397,0.5249898,30.334795
0.24530385,0.37617987,0.6547094,0.646631,0.5351013,0.5022257,37.39916
0.0055248616,0.44606218,0.7359307,0.70823073,0.66615534,0.43584555,46.983147
0.006187845,0.34975395,0.59041303,0.61186004,0.7952411,0.21174715,52.452663
0.012596685,0.24921107,0.61695826,0.6584537,0.7971548,0.2133105,62.478992
0.009502762,0.30434662,0.6255975,0.6487806,0.77022725,0.2067015,49.969273
0.015911603,0.18695873,0.043937385,0.6011474,0.76485443,0.22658575,72.15181
0.005303867,0.18066467,0.76531243,0.9010818,0.43902066,0.7372858,28.227272
0.018121548,0.2346299,0.74779886,0.9010017,0.46677357,0.7919397,34.490112
0.11138122,0.21922867,0.89331543,0.79761577,0.8823502,0.3466327,40.69553
0.020110497,0.07414626,0.7759779,0.88043,0.3895211,0.4691017,25.39916
0.3569061,0.15822572,0.024976676,0.39041683,0.28244427,0.20465192,27.15616
0.010828729,0.24548972,0.7717067,0.75713515,0.55944896,0.5772022,34.52507
0.003977901,0.27609664,0.82938564,0.73439384,0.6261504,0.59068614,43.43521
0.0059668506,0.27341002,0.7848947,0.7471378,0.7073877,0.6082323,49.26479
0.015690608,0.20523779,0.26411793,0.51757216,0.76016074,0.254623,56.069405
0.004640884,0.14311047,0.33920404,0.7670057,0.1632307,2.0685458e-10,53.920876
0.04243094,0.27711627,0.7552089,0.69210696,0.6872513,0.70317096,40.498608
0.02121547,0.13194726,0.91183925,0.86767554,0.50508475,0.8805501,40.902508
0.0921547,0.21776944,0.8626477,0.799464,0.87285554,0.3643682,37.63408
0.02121547,0.33341858,0.6956651,0.8985698,0.47818136,0.6787954,35.122536
0.0026519338,0.31890908,0.73448193,0.6970899,0.57768446,0.49688014,41.322857
0.003977901,0.31421754,0.7073084,0.6441734,0.69877315,0.40936694,43.71127
0.0041988953,0.39284337,0.88893056,0.72754455,0.654678,0.63389206,46.05866
0.007955802,0.31436327,0.7271572,0.6705015,0.7075207,0.598085,53.005554
0.12707181,0.22713448,0.15479837,0.53780055,0.1637224,0.061771512,52.321228
0.01038674,0.31759065,0.73152363,0.6975038,0.66172653,0.5258255,41.53221
0.010607734,0.24902767,0.0040040077,0.40263817,0.5191352,0.26556063,38.616993
0.0055248616,0.29058465,0.73343796,0.665323,0.7172402,0.6058489,51.82493
0.073370166,0.15675698,0.34752187,0.78803706,0.9200982,0.30491176,57.302776
0.42408842,0.30464658,0.8463278,0.5471771,0.42065448,0.46385974,26.853107
0.094585635,0.30796325,0.853292,0.7638118,0.8258148,0.31479466,35.926346
0.0019889502,0.22594957,0.72886974,0.91803813,0.5005332,0.82862705,34.263306
0.011049723,0.25675613,0.98067516,0.7694814,0.71732014,0.6502281,43.114086
0.007955802,0.23694861,0.14953384,0.46433803,0.53453493,0.14839901,28.916435
0.080221,0.10830954,0.7233472,0.77297854,0.37543744,0.6216491,23.249304
0.003977901,0.28152594,0.6855112,0.63711715,0.6304024,0.29724327,39.00855
0.0320442,0.1440292,0.5897489,0.6560333,0.729409,0.24205801,60.018257
0.041104972,0.10051455,0.57865083,0.6512573,0.7333766,0.25626662,61.630985
0.0017679558,0.33115155,0.6273257,0.5917423,0.69645023,0.16203013,46.0
0.07823204,0.35963055,0.68229234,0.63045573,0.5635217,0.23569787,72.68296
0.0030939225,0.36193833,0.56599087,0.5807607,0.7746558,0.2212858,49.097492
0.0044198898,0.103751235,0.9862812,0.9218528,0.43906686,0.6760385,31.282124
0.008618785,0.3016874,0.6142294,0.6328285,0.7868539,0.23746468,61.481586
0.10342541,0.35976613,0.49209595,0.6260793,0.5541447,0.23403837,60.594707
0.027845304,0.1119803,0.73354906,0.81970286,0.3791731,0.575793,22.863129
0.006187845,0.1766949,0.72791994,0.92043567,0.48080468,0.81371737,36.919033
0.0154696135,0.10741605,0.5861447,0.53876853,0.58614045,0.2593804,39.558907
0.07248619,0.33097115,0.9134119,0.79446864,0.946608,0.26499707,34.102818
0.043093923,0.3875334,0.21897513,0.18702959,0.3174701,0.22928564,25.48174
0.13657458,0.3438416,0.17478095,0.08309529,0.11204863,0.13146572,10.281512
0.019005526,0.33958158,0.5377062,0.40941498,0.5069465,0.24915946,26.808989
0.011933702,0.14065726,0.14912938,0.5313022,0.51929134,0.22074601,22.647308
0.011049723,0.23575124,0.7632051,0.75768065,0.55744284,0.60305405,37.487396
0.24154696,0.32776675,0.27417284,0.36664936,0.37937596,0.2170808,42.127842
0.36685082,0.30578429,0.06594131,0.45843574,0.14818968,0.0508559,30.220057
0.004640884,0.35719547,0.7516817,0.6897075,0.70644945,0.52009845,45.786724
0.3767956,0.21340759,0.6308909,0.45909378,0.40739897,0.3453801,21.882437
0.07558011,0.29059356,0.89699316,0.726362,0.6385634,0.49674806,42.3132
0.0121546965,0.26675403,0.6495916,0.66297984,0.781106,0.316584,54.835194
0.2236464,0.09254858,0.38230252,0.59272647,0.5775449,0.6666632,38.79661
0.048618786,0.41717947,0.124716476,0.29731724,0.41143945,0.2573172,27.019718
0.09303868,0.28419363,0.40219644,0.7779615,0.8023497,0.25690877,43.249302
0.15248618,0.35699514,0.9632418,0.577688,0.52839375,0.23301284,51.803467
0.033370167,0.26746443,0.18355301,0.23526071,0.2909216,0.18497932,32.706127
0.023204422,0.08618842,0.68141884,0.66590476,0.77054054,0.4462578,44.818436
0.3964641,0.43532965,0.033757158,0.68658423,0.19744082,0.54512995,15.67688
0.110497236,0.31143722,0.46140987,0.76440406,0.76562595,0.30086538,52.467876
0.020110497,0.05773436,0.5529697,0.6661041,0.79387957,0.31279138,62.368057
0.005745856,0.23703077,0.7132737,0.9210746,0.48033243,0.7593946,37.732494
0.08464088,0.3643127,0.6693128,0.645437,0.553939,0.23638856,57.46648
0.24707182,0.28252444,0.34728378,0.51875186,0.32535166,0.07483857,34.52222
0.008397791,0.30002815,0.6127442,0.63222194,0.7922805,0.23848228,57.26741
0.10497238,0.17151554,0.21779987,0.561425,0.1912135,0.05329608,61.955055
0.003314917,0.307627,0.81123376,0.72520804,0.6431018,0.5829366,46.53047
0.013259669,0.21884641,0.8563422,0.72501445,0.6501944,0.7795334,43.84874
0.07756906,0.19701123,0.9401846,0.745219,0.6412798,0.6370091,42.20141
0.014143647,0.24087515,0.9751134,0.76801753,0.72931975,0.654186,46.023743
0.017016575,0.25921628,0.86780417,0.80119395,0.579456,0.6593903,43.868645
0.020552486,0.13249546,0.9267493,0.8692272,0.5037395,0.88097215,44.54661
0.020110497,0.03690092,0.8812865,0.85631347,0.4881661,0.5936884,31.374294
0.018121548,0.33236495,0.5520109,0.5809648,0.7149471,0.2569053,54.36
0.2236464,0.22896479,0.18484479,0.2568433,0.2547255,0.06169989,15.734604
0.0070718233,0.63821554,0.7865857,0.91736865,0.35151136,0.5181203,24.504238
0.069392264,0.23378037,0.49843693,0.79897666,0.9554371,0.2536019,64.991646
0.013259669,0.11810822,0.24948896,0.53575873,0.8015151,0.23652911,53.877808
0.005745856,0.3228485,0.71414036,0.6804664,0.7238706,0.5295378,58.065826
0.0070718233,0.31188655,0.5243934,0.4134862,0.5155516,0.24718425,31.98468
0.09701657,0.37622696,0.007335091,0.5964744,0.53811234,0.3733906,63.16143
0.011049723,0.32040927,0.94157726,0.79985213,0.5628864,0.5800159,43.84861
0.011933702,0.26788807,0.6488561,0.66242385,0.77921355,0.3149007,58.56479
0.01038674,0.27103338,0.6895315,0.68245196,0.7247671,0.4789288,41.197224
0.0024309393,0.31176177,0.5254408,0.5727165,0.7968209,0.1831922,50.42458
0.030718233,0.25162724,0.15019277,0.26435444,0.27075076,0.16966094,29.633427
0.020110497,0.09152608,0.67870307,0.6674049,0.77357763,0.44618398,48.120834
0.0017679558,0.34933186,0.738035,0.6971195,0.62049824,0.45287225,36.986805
0.13259667,0.2268814,0.07931462,0.5114076,0.17578577,0.07445691,77.70944
0.028950278,0.24877557,0.8252868,0.66969085,0.78764915,0.3310828,56.01264
0.0019889502,0.31944847,0.724124,0.67743087,0.6837168,0.49866113,53.80618
0.00640884,0.13710919,0.17927684,0.578923,0.7966577,0.23729068,50.77171
0.052596685,0.3146585,0.1649112,0.20952962,0.33100823,0.20613421,26.840336
0.0026519338,0.35938132,0.7549051,0.69199634,0.7000535,0.5097581,43.526535
0.019447515,0.11748002,0.60780436,0.6641176,0.80609494,0.36995164,53.27401
0.0019889502,0.30306506,0.7202534,0.66114116,0.6993726,0.6364599,46.726124
0.3849724,0.13987368,0.028031185,0.3671777,0.3069457,0.22694387,24.977716
0.03845304,0.118357636,0.47278926,0.50335765,0.64822716,0.26364365,46.921513
0.005303867,0.3186996,0.7261006,0.67392135,0.69707745,0.5956183,51.921787
0.02519337,0.1789917,0.75564533,0.7759845,0.6479635,0.7683349,43.725
0.024751382,0.19000457,0.7507808,0.77494025,0.61635506,0.9360568,48.197773
0.72861874,0.23340711,0.080079064,0.31457397,0.059299774,0.50579274,12.73639
0.0075138123,0.22185367,0.14746892,0.45914242,0.53576154,0.15253733,34.333797
0.80906075,0.08424233,0.50746936,0.33969948,0.026523612,0.238971,19.382437
0.003977901,0.22288166,0.75789493,0.89489055,0.3606303,0.6504355,30.494429
0.003977901,0.36333704,0.7648478,0.70418525,0.69987154,0.49513522,55.5
0.011491713,0.08405615,0.28642192,0.5349128,0.7832173,0.23586638,51.250698
0.005303867,0.3838158,0.96435946,0.770457,0.60434705,0.6234082,34.883755
0.05038674,0.27848434,0.8427462,0.7499559,0.6800442,0.51535845,49.32869
0.02165746,0.25404832,0.7241964,0.88456035,0.48417896,0.76442856,31.775623
0.020110497,0.31657597,0.5389492,0.41627,0.5028314,0.2453852,33.37673
0.019447515,0.24376062,0.971427,0.77215457,0.71453017,0.63613623,44.351955
0.22872928,0.16100162,0.060863458,0.49207565,0.3726382,0.22604175,38.42793
0.007292818,0.3951207,0.96420515,0.7766197,0.6169652,0.63660187,36.594017
0.033591162,0.25305203,0.18852599,0.24508451,0.27744925,0.17768903,21.605042
0.03248619,0.22570115,0.15977004,0.39110252,0.4592889,0.19819683,25.61773
0.10298342,0.04536083,0.13551627,0.5948179,0.48792762,0.19359827,69.44429
0.028729282,0.10978242,0.7331953,0.82065654,0.37845573,0.57875514,22.0
0.20464088,0.27121493,0.51832414,0.45754883,0.5207837,0.2209604,68.687675
0.22917126,0.1387469,0.48512214,0.39726326,0.33992192,0.1566442,34.557423
0.056574587,0.08368932,0.9807524,0.794338,0.60056514,0.47616866,34.37465
0.0030939225,0.23852056,0.7427002,0.9274137,0.50748134,0.68283737,39.289692
0.07248619,0.25795344,0.8834795,0.7367847,0.65204066,0.48982581,48.135098
0.0048618787,0.1346202,0.13031624,0.5797994,0.79866767,0.23531222,56.7479
0.021436464,0.05252209,0.72285324,0.45784828,0.5510742,0.15690392,32.031914
0.0070718233,0.083644584,0.29039633,0.54701877,0.5364926,0.22661126,18.65043
0.032707185,0.12350673,0.5863659,0.65353847,0.7295355,0.24844125,60.85352
0.0017679558,0.44532654,0.7535118,0.7130401,0.6463544,0.43552905,40.59218
0.059889503,0.09910719,0.74258053,0.7974889,0.36070117,0.59032434,26.406685
0.08375691,0.23286575,0.96246976,0.6385076,0.5582261,0.24237576,62.61025
0.0022099447,0.13665275,0.6992513,0.7385757,0.5166565,0.7871597,31.247923
0.13613258,0.018523736,0.9794119,0.578923,0.15858361,0.088963635,59.07703
0.025856355,0.20900077,0.5934763,0.66942,0.7844614,0.23624954,62.600853
0.18983425,0.24934945,0.76189977,0.67840457,0.6665183,0.6174299,28.364788
0.03889503,0.4902811,0.17831916,0.17731737,0.30658486,0.23372461,28.175562
0.012375691,0.2444683,0.8991659,0.824497,0.5497073,0.4973922,51.02149
0.022762433,0.26013264,0.7158346,0.8818948,0.47989744,0.77098507,32.905556
0.020110497,0.2258908,0.85952723,0.8817346,0.50202656,0.8312138,41.42577
0.0121546965,0.32778803,0.7121359,0.6805818,0.7364707,0.52987707,54.37901
0.040883977,0.29657793,0.25089568,0.24973463,0.34735823,0.18535034,20.391365
0.0075138123,0.2628737,0.5132697,0.3821132,0.4844259,0.27515107,36.3078
0.20419888,0.22660646,0.87880856,0.7188928,0.6209854,0.7787512,21.535212
0.3966851,0.14433287,0.022131374,0.36491367,0.31251442,0.2231287,24.23455
0.03911602,0.38081458,0.072139435,0.3245084,0.4191729,0.27127844,31.27451
0.021878455,0.26691392,0.8852109,0.65811515,0.70868224,0.2028576,67.43118
0.21348065,0.19210173,0.9790605,0.52745986,0.48269224,0.25574914,35.856323
0.02364641,0.12069682,0.953947,0.7194345,0.6981265,0.49769536,52.59557
0.41834256,0.5298722,0.542048,0.6226852,0.2753191,0.61210716,35.229576
0.17480662,0.08794027,0.49264503,0.49153015,0.44864923,0.23325966,62.878223
0.00640884,0.3388936,0.73661333,0.67066836,0.7147339,0.5828739,43.036415
0.32994476,0.15410179,0.16866623,0.67818046,0.199306,0.88797295,26.722857
0.34629834,0.08559955,0.6488362,0.72156596,0.22175695,0.46548033,21.252186
0.0024309393,0.25918046,0.50413984,0.5761707,0.5725276,0.15917706,31.430792
0.047071826,0.41687095,0.12506317,0.29677173,0.4169494,0.26064065,26.915205
0.1555801,0.2251733,0.21489802,0.4504306,0.53641427,0.26103815,55.251404
0.42342544,0.44056794,0.002556568,0.6617906,0.23716627,0.7384739,31.476454
0.0030939225,0.23173799,0.7407078,0.9190538,0.50551146,0.79542124,35.872223
0.0088397795,0.30483508,0.16403612,0.48919556,0.5582093,0.1344437,38.913166
0.3047514,0.42638937,0.26473933,0.28716442,0.32565883,0.15821174,19.84874
0.0028729283,0.35142443,0.7292888,0.6846025,0.6631265,0.48764688,37.583332
0.006850829,0.18711878,0.8557382,0.7966335,0.3879537,0.6842654,25.446629
0.0026519338,0.46016338,0.74830884,0.712404,0.6631301,0.42916444,43.192307
0.1920442,0.112206586,0.052800003,0.4976432,0.4621582,0.43073893,44.93017
0.003977901,0.34131837,0.73630637,0.6711452,0.7085076,0.5805975,48.813953
0.034254145,0.48449135,0.17719612,0.1765754,0.30989105,0.23763865,32.942253
0.016353592,0.20613618,0.67252964,0.60940814,0.68456167,0.28093085,39.938717
0.003977901,0.20576115,0.87490654,0.8901851,0.5000397,0.79548293,32.963745
0.011933702,0.29399914,0.84764624,0.7498014,0.7335968,0.5999408,48.03179
0.23779005,0.20601216,0.9490575,0.4210975,0.36093172,0.093561456,44.97778
