fCO2,Chl,Temp,Salt,lon,lat
386.6210769,0.652422786,10.99645138,33.25679231,235.625,44.625
390.2838551,1.445977211,10.75580597,33.37335944,235.875,44.625
381.7552222,0.85841167,10.98741913,33.24209154,235.625,44.375
386.9113333,0.528669178,11.32999992,32.98632205,235.125,44.125
382.5342,0.648165762,11.15483856,33.05464637,235.375,44.125
370.28275,1.254270673,10.86838722,33.1229707,235.625,44.125
383.957,0.584808469,11.29354763,32.93566072,235.125,43.875
376.3577368,1.465514779,10.69967747,33.00384986,235.625,43.875
378.44708,0.560379326,11.44096756,32.85102713,234.875,43.625
381.147,0.702825904,11.17709637,32.88499939,235.125,43.625
348.8041818,0.991253138,10.84290314,32.88486421,235.375,43.625
357.765,2.935527325,10.58580589,32.88472903,235.625,43.625
375.3675833,0.619520426,11.22290325,32.86219531,234.875,43.375
380.2048462,1.27894485,10.65903187,32.87690896,235.375,43.375
409.1735556,0.923546791,10.89387035,32.91904253,234.875,43.125
399.52175,1.832567334,10.50322533,32.94588953,235.375,43.125
486.7694286,0.692904532,10.65999985,32.97588974,234.875,42.875
427.0227273,0.856589258,10.52290344,33.00970346,235.125,42.875
482.8573846,0.774920166,10.57967758,33.03273696,234.875,42.625
433.9548571,0.813277543,10.60032272,33.04260588,234.875,42.375
433.3903939,0.800426304,10.63806438,33.0054965,234.875,42.125
413.1546774,0.777915537,10.67838669,32.96838713,234.875,41.875
418.4410652,0.800702929,10.74354839,32.93127775,234.875,41.625
431.512,0.762529731,10.84354782,32.91182047,234.875,41.375
422.6084318,0.772762179,10.93870926,32.91001529,234.875,41.125
454.153,0.845942974,11.00290298,32.98121208,235.125,41.125
443.8956667,0.83403188,10.99903202,32.9082101,234.875,40.875
425.52832,0.95161891,11.00354862,32.97584349,235.125,40.875
443.5496129,0.762761235,11.03354836,32.9704749,235.125,40.625
408.4764694,0.794355094,11.10322571,32.94990969,235.125,40.375
428.219,0.843857408,11.26064491,32.91414785,235.125,40.125
422.3205429,0.832743943,11.610322,32.87838602,235.125,39.875
382.5345,0.698340595,11.46096706,32.94010496,235.375,39.875
432.0387619,0.703879774,11.96258068,32.90194178,235.375,39.625
421.9070417,0.641447723,12.50838661,32.88194317,235.375,39.375
451.8331111,0.623298287,12.13806438,32.94189936,235.625,39.375
450.5529459,0.598986745,12.37322521,32.94374388,235.625,39.125
443.9650667,0.700700045,12.3264513,32.94558841,235.625,38.875
446.5770909,0.826242626,11.87483883,33.01290172,235.875,38.875
459.5530566,0.66432482,11.78290272,33.01842481,235.875,38.625
597.085,0.629125059,11.73774147,33.03323042,235.875,38.375
442.3752,0.686998367,11.54903221,33.06640166,236.125,38.375
327.2280826,1.116143703,12.47064495,33.86183542,141.125,38.125
339.7666259,0.638028741,12.41580582,33.89577371,141.375,38.125
344.7441939,0.470972329,12.33612919,33.929712,141.625,38.125
427.0186857,0.700475812,11.73451614,33.09004742,236.125,38.125
419.28,0.694691896,11.52096748,33.09324044,236.375,38.125
333.4655416,1.00600183,12.58870888,33.90694863,141.125,37.875
395.7047561,0.676154852,12.15451622,33.20107251,236.625,37.375
396.9765,0.889159977,11.91258049,33.2223472,236.875,37.375
337.3444133,0.568876088,13.22032261,34.07441145,141.125,37.125
394.5484468,0.812258363,12.0158062,33.25716668,236.875,37.125
409.8105,1.370796323,12.01677418,33.29198617,236.875,36.875
404.1582222,2.620482445,11.80806446,33.30929452,237.125,36.875
401.9309286,3.283119678,11.84774208,33.34726137,237.125,36.625
389.9855094,2.997110605,11.91967678,33.37424803,237.375,36.375
380.0154286,3.103065252,12.10193539,33.38224554,237.375,36.125
413.2549864,1.638160229,12.21935463,33.39459276,237.625,36.125
419.7809714,1.419725776,12.34806442,33.40693998,237.875,36.125
394.7661579,1.174431086,12.42387104,33.4081521,237.625,35.875
395.73136,1.518957615,12.61548328,33.42606115,237.875,35.875
398.29,0.789995015,12.8106451,33.44518232,237.875,35.625
407.0763047,0.753415346,12.99354839,33.47390145,238.125,35.625
354.1616333,0.367518932,19.60258102,34.55290238,139.625,35.125
375.5122692,0.526501238,18.90258026,34.54167524,139.875,35.125
363.46825,0.298557192,20.33419228,34.61707058,139.125,34.875
358.9342619,0.233420581,20.52709579,34.60301417,139.625,34.875
363.8619577,0.334835827,20.33870888,34.59044981,138.625,34.625
363.631,0.269536883,20.97935486,34.61141825,138.875,34.625
374.1395,0.23987788,21.17354774,34.62647542,139.125,34.625
361.0394074,0.215292707,21.44903183,34.6432679,139.625,34.625
353.6753333,0.226841986,21.45645142,34.6508645,139.875,34.625
356.418,0.256305099,21.68774223,34.58561605,138.375,34.375
362.5385,0.268561363,21.61645126,34.605084,138.625,34.375
355.419,0.220162794,22.09709549,34.6707437,139.625,34.375
353.4092034,0.239866778,21.85612869,34.61522329,135.125,33.125
343.935,0.209579766,22.17741966,34.70679539,137.375,33.125
344.204,0.139449701,22.5338707,34.71833974,137.625,33.125
358.0715625,0.151727259,22.88967705,34.77903998,140.125,33.125
354.2584561,0.21209012,22.02387047,34.63010943,135.125,32.875
349.6036667,0.239118323,21.85128975,34.73804837,137.375,32.875
345.6535,0.199910104,22.25387001,34.75057,137.625,32.875
356.1305106,0.148554534,22.90935516,34.79552305,140.125,32.875
354.9177115,0.190119058,22.34225845,34.64499557,135.125,32.625
356.9967956,0.188525692,22.27451515,34.66478312,135.375,32.625
362.3306667,0.217116162,22.15580559,34.68457067,135.625,32.625
349.2573333,0.160922438,22.04903221,34.78280026,137.625,32.625
356.945,0.160553813,22.90580559,34.81200612,140.125,32.625
358.6992667,0.160065264,22.79516029,34.81339967,140.375,32.625
362.3210526,0.174743235,22.58032227,34.71663439,135.625,32.375
348.37175,0.193202153,22.08322525,34.80547982,137.625,32.375
356.2786667,0.161141291,22.90580559,34.8270309,140.125,32.375
356.5392609,0.169143364,22.79129028,34.82862782,140.375,32.375
363.1657143,0.1770643,23.02290344,34.75173748,135.625,32.125
363.4805385,0.177135378,22.86161232,34.76785052,135.875,32.125
350.6966667,0.20159705,22.45096779,34.8186087,137.625,32.125
355.3523333,0.14949432,22.93128967,34.84059739,140.125,32.125
357.3502766,0.166677341,22.81774139,34.84203124,140.375,32.125
359.0745,0.144226834,23.1687088,34.79814756,135.875,31.875
349.8243333,0.175352529,22.95516014,34.83173758,137.625,31.875
352.093,0.185282171,22.97806358,34.83768147,137.875,31.875
355.803,0.166609749,22.95516014,34.85416389,140.125,31.875
357.2792609,0.164751381,22.85741806,34.85543466,140.375,31.875
358.959,0.161427766,22.73064423,34.85670543,140.625,31.875
349.6608,0.158210337,23.30935478,34.84759289,137.875,31.625
350.0115,0.170155644,23.25064468,34.84914464,138.125,31.625
357.642,0.159329191,22.93774223,34.86773038,140.125,31.625
359.3964792,0.150728822,22.7838707,34.86994576,140.625,31.625
358.6545455,0.140397489,23.26322556,34.85100675,136.125,31.375
349.7948,0.163885668,23.34290314,34.86022097,138.125,31.375
356.356,0.151295707,22.8599987,34.87887579,140.125,31.375
359.150449,0.156383485,22.81225777,34.88080817,140.625,31.375
358.9510714,0.145129293,23.26612854,34.86098742,136.125,31.125
360.1028571,0.151361614,23.31258011,34.86522222,136.375,31.125
349.7944,0.162657544,23.37483788,34.87482244,137.625,31.125
351.650125,0.174042374,23.33290291,34.87442774,137.875,31.125
349.8773125,0.159847841,23.26741982,34.87389678,138.125,31.125
354.836,0.161146253,22.79129028,34.88760012,140.125,31.125
358.294,0.153002307,22.82548332,34.88929266,140.625,31.125
358.1408039,0.14689602,23.29354858,34.877527,136.375,30.875
348.327,0.151153341,23.29096794,34.8904168,137.625,30.875
349.3412,0.153882354,23.20645142,34.88757259,138.125,30.875
348.3734,0.153757185,23.09451485,34.88609308,138.375,30.875
354.663,0.172214702,22.75612831,34.89632446,140.125,30.875
357.5614,0.171143934,22.82645035,34.89777714,140.625,30.875
357.3098571,0.179880515,22.8245163,34.89850348,140.875,30.875
360.0473333,0.161677867,23.31838608,34.88983178,136.375,30.625
362.0612609,0.166686282,23.32386971,34.89871478,136.625,30.625
351.0672,0.15953815,23.29516029,34.90601116,137.625,30.625
354.6536667,0.170713082,22.79677391,34.90504879,140.125,30.625
357.4188913,0.166496009,22.81290245,34.90686804,140.875,30.625
362.3230392,0.164716259,23.31903267,34.91402102,136.625,30.375
352.6014,0.151165366,23.30838585,34.92440993,137.375,30.375
355.1753333,0.178886801,22.8848381,34.9143585,140.125,30.375
357.4406957,0.15408501,22.8064518,34.90970862,140.875,30.375
363.1984839,0.141294256,23.32903099,34.9300046,136.625,30.125
358.3723333,0.148876563,23.31193542,34.93782949,136.875,30.125
353.20575,0.147481158,23.29516029,34.93978232,137.375,30.125
356.0073333,0.173176974,22.99258041,34.92425358,140.125,30.125
358.7443333,0.15671742,22.80709648,34.90702522,140.875,30.125
360.4317647,0.144611701,23.35257912,34.95233297,136.875,29.875
351.841,0.151760042,23.31290245,34.95515472,137.375,29.875
357.2266667,0.153832644,23.10806465,34.93414867,140.125,29.875
357.999,0.151245132,23.04322433,34.92421305,140.375,29.875
363.6272571,0.122833639,23.39193535,34.96683645,136.875,29.625
364.3672667,0.138334736,23.34709549,34.96968824,137.125,29.625
353.3693333,0.144111902,23.28870964,34.97052711,137.375,29.625
359.567,0.130869687,23.09032249,34.92991531,140.375,29.625
356.5171724,0.161206141,22.6461277,34.89130133,141.125,29.625
361.7359412,0.12010105,23.34838676,34.97959507,137.125,29.375
351.996,0.130754828,23.22838593,34.97996008,137.375,29.375
354.114,0.130052418,23.1890316,34.9803251,137.625,29.375
358.2473333,0.126403317,23.04612923,34.9277969,140.375,29.375
356.8378298,0.174361944,22.61903191,34.88429451,141.125,29.375
363.1960541,0.099801511,23.3803215,34.98510897,137.125,29.125
363.7778667,0.107250452,23.21967697,34.98345363,137.375,29.125
354.0664,0.125113666,23.12193489,34.98179829,137.625,29.125
358.5466667,0.135929763,23.06386948,34.91785783,140.375,29.125
357.7559167,0.166191235,22.71032143,34.87550926,141.125,29.125
354.7508571,0.133956015,23.05387115,34.83651137,142.875,29.125
364.8944038,0.092764996,23.28741837,34.98694718,137.375,28.875
353.4211429,0.114299841,23.12741852,34.98327148,137.625,28.875
353.144,0.136054337,23.02161217,34.97959578,137.875,28.875
352.0404,0.140970454,22.95967674,34.97539723,138.125,28.875
353.6186667,0.146909952,22.93290329,34.97067583,138.375,28.875
353.7893333,0.137475312,23.15548325,34.90791875,140.375,28.875
358.0438667,0.154482976,22.96935463,34.86672401,141.125,28.875
356.3557105,0.152508795,22.89129066,34.86378098,141.375,28.875
352.807,0.140800908,22.96580505,34.86083794,141.625,28.875
354.05525,0.136538014,23.10645103,34.8578949,141.875,28.875
360.7526667,0.130059719,23.28322601,34.85265708,142.125,28.875
361.0423333,0.114130378,23.43870926,34.84512448,142.375,28.875
359.3336667,0.123743214,23.4909668,34.83759189,142.625,28.875
356.8853333,0.105885409,23.51677322,34.83005929,142.875,28.875
358.8780714,0.098022021,23.4954834,34.82580483,143.125,28.875
365.7810244,0.094572134,23.42258072,34.99044073,137.375,28.625
367.4429,0.104183845,23.20451546,34.98474467,137.625,28.625
353.813,0.153341308,22.88290215,34.96901906,138.375,28.625
352.4802,0.145921156,22.85515976,34.96423137,138.625,28.625
353.295,0.158232957,22.90032196,34.95944369,138.875,28.625
353.5016667,0.139842182,22.94645119,34.95262015,139.125,28.625
352.573,0.14199914,23.0203228,34.94376075,139.375,28.625
353.2435,0.137581825,23.11354828,34.93490136,139.625,28.625
352.3533333,0.128605202,23.21806335,34.92604196,139.875,28.625
357.38108,0.136223957,23.30580521,34.91373473,140.125,28.625
355.9608305,0.124522582,23.29612923,34.89797968,140.375,28.625
363.5166667,0.128262639,23.30580521,34.88222462,140.625,28.625
362.9343333,0.14908962,23.31903267,34.86646956,140.875,28.625
355.7739783,0.160348728,23.25290298,34.85663223,141.375,28.625
361.3593333,0.102441967,23.79096794,34.81907213,143.125,28.625
365.49056,0.109990515,23.34161186,34.97864336,137.625,28.375
358.177375,0.114776261,23.40258026,34.89981282,140.125,28.375
362.0454468,0.136182621,23.53483772,34.84988481,141.375,28.375
361.99875,0.100694351,23.94096756,34.81946272,143.125,28.375
358.8056667,0.109133139,23.4864521,34.88204229,140.125,28.125
362.993625,0.109109402,23.68193436,34.8435387,141.375,28.125
359.9711333,0.093451381,24.00806427,34.82906151,142.875,28.125
361.045,0.098532818,24.01225853,34.8269766,143.125,28.125
366.9013333,0.131202415,23.47870827,34.9447971,137.875,27.875
358.2288333,0.11113026,23.50128937,34.86427176,140.125,27.875
364.378,0.118882261,23.7116127,34.8371926,141.375,27.875
363.7535,0.135508433,23.81161308,34.84003204,141.625,27.875
359.42475,0.098162621,24.00838661,34.8348484,142.875,27.875
361.29344,0.133014023,23.61870956,34.93120593,137.875,27.625
357.1523333,0.10909538,23.40322495,34.85662115,139.875,27.625
362.9412245,0.110437714,23.85967636,34.83501703,141.625,27.625
358.95575,0.114738964,23.99290276,34.8406353,142.875,27.625
361.5905192,0.112575807,23.54161263,34.91353667,138.125,27.375
354.4176667,0.105576814,23.37838745,34.84877634,139.875,27.375
363.5055,0.089670703,24.0158062,34.83962208,141.625,27.375
355.6806667,0.109046035,24.00677299,34.85363084,142.875,27.375
364.9158654,0.106434196,23.66032219,34.90388286,138.125,27.125
354.6406667,0.122366451,23.41032219,34.85162115,139.875,27.125
362.7755778,0.082401142,24.10838699,34.85384721,141.625,27.125
363.3036,0.088900261,24.20290184,34.8605476,141.875,27.125
355.3278,0.089351833,24.02322578,34.87383503,142.875,27.125
356.30625,0.085745431,24.02387047,34.87669915,143.125,27.125
366.6954286,0.112622641,23.81258011,34.89422905,138.125,26.875
366.8579574,0.113440886,23.71322441,34.89184701,138.375,26.875
352.92575,0.114579186,23.48322487,34.85446596,139.875,26.875
353.799,0.11925336,23.5225811,34.84975624,140.125,26.875
364.9384,0.091492176,24.26838684,34.8760156,141.875,26.875
354.6916,0.082634062,24.03741837,34.89403921,142.875,26.875
369.2622424,0.113746062,23.79774094,34.88353074,138.375,26.625
354.102,0.113208659,23.60451508,34.85731077,139.875,26.625
366.9883061,0.097445659,24.34741783,34.8914836,141.875,26.625
356.797,0.078615628,24.12354851,34.9142434,142.875,26.625
368.6676,0.117891796,23.93580627,34.88348246,138.375,26.375
368.7973778,0.117164031,23.86580658,34.88393545,138.625,26.375
358.5416667,0.096713454,23.83354759,34.86607522,139.875,26.375
365.6622,0.088710405,24.38161278,34.90833259,141.875,26.375
361.3676667,0.074713074,24.31935501,34.9350605,142.875,26.375
369.4036909,0.114971533,23.99903107,34.89381266,138.625,26.125
361.1037,0.092461742,24.14548302,34.8807593,139.875,26.125
363.6386667,0.091043435,24.44290352,34.886522,140.625,26.125
368.475,0.083919056,24.48354721,34.88975388,140.875,26.125
366.996,0.077831492,24.47935486,34.89639735,141.125,26.125
363.122,0.073773794,24.6461277,34.95649052,142.875,26.125
364.954,0.071144119,24.78032112,34.96028012,143.125,26.125
369.4856154,0.119848728,24.18870926,34.90368986,138.625,25.875
369.9457805,0.109378055,24.20677376,34.90745783,138.875,25.875
360.3339091,0.084918603,24.54677391,34.89544338,139.875,25.875
358.48875,0.087341525,24.6303215,34.89540344,140.125,25.875
357.1263333,0.081193805,24.72161293,34.89929456,140.375,25.875
370.458,0.076357633,24.75870895,34.91413236,141.125,25.875
375.592,0.07243406,24.66096687,34.92435241,141.375,25.875
366.21,0.074871935,24.57064438,34.93457246,141.625,25.875
362.47275,0.07207875,24.57128906,34.94479251,141.875,25.875
366.6640541,0.074140586,24.63387108,34.95390511,142.125,25.875
365.442,0.071268886,24.73096657,34.96191025,142.375,25.875
364.3636667,0.068577379,24.86709595,34.96991539,142.625,25.875
362.76625,0.06033314,25.05129051,34.97792053,142.875,25.875
363.425,0.057268236,25.22645187,34.98162538,143.125,25.875
367.3897736,0.091920659,24.48161125,34.91899252,138.875,25.625
366.9364375,0.061432168,24.94741821,34.97266293,142.125,25.625
366.0247083,0.081911631,24.69903183,34.9280405,138.875,25.375
365.6001333,0.071632303,24.85064507,34.92998469,139.125,25.375
366.7538889,0.062269744,25.33161163,34.98288047,142.125,25.375
367.6764,0.061068676,25.4458065,34.99068415,142.375,25.375
366.6870755,0.072758749,25.05064392,34.93715656,139.125,25.125
367.6270625,0.057233941,25.68967628,34.9892863,142.375,25.125
366.4796667,0.076179817,25.31064415,34.94432843,139.125,24.875
366.397,0.077267259,25.52193451,34.9434942,139.375,24.875
368.8420638,0.055959929,25.82354736,34.98788846,142.375,24.875
370.5638125,0.054513223,25.86677361,34.98649061,142.375,24.625
371.124,0.052032314,25.96129036,34.98506892,142.625,24.625
381.0144375,0.062507577,26.19709587,34.94984752,139.375,24.375
381.407125,0.059697211,26.33516121,34.95016402,139.625,24.375
372.234,0.051888611,26.04516029,34.97511178,142.625,24.375
381.0958214,0.061959568,26.58386993,34.93851525,139.625,24.125
375.7751915,0.050714802,26.17677307,34.95967048,142.625,24.125
383.363913,0.060103681,26.71193504,34.92686647,139.625,23.875
386.5752222,0.058720466,26.6958065,34.92664462,139.875,23.875
377.7667805,0.052217029,26.39999962,34.94422919,142.625,23.875
377.1741667,0.04796334,26.57580566,34.94385976,142.875,23.875
383.6078491,0.057085048,26.76000023,34.91472667,139.875,23.625
376.7179565,0.048231397,26.94967651,34.92945439,142.875,23.625
376.1142264,0.058399204,26.89322472,34.89887446,139.875,23.375
372.4671915,0.048170406,27.33516121,34.91342568,142.875,23.375
378.93,0.057329629,27.11257935,34.87908798,139.875,23.125
373.7631176,0.053714387,27.05709648,34.87960094,140.125,23.125
376.3676042,0.046491046,27.6325798,34.89577365,142.875,23.125
371.4420182,0.053074475,27.30032158,34.85961825,140.125,22.875
378.45525,0.043456916,27.83032227,34.87812161,142.875,22.875
378.3814091,0.042022727,27.99193573,34.88243282,143.125,22.875
371.458,0.050677113,27.55677414,34.83963555,140.125,22.625
373.3133654,0.048762653,27.41451645,34.83846194,140.375,22.625
378.92905,0.044267047,28.17064476,34.86591685,143.125,22.625
375.183451,0.046056408,27.65645027,34.82389081,140.375,22.375
376.6013333,0.046829883,27.8554821,34.81570661,140.375,22.125
376.643175,0.043231737,27.8041935,34.81516039,140.625,22.125
380.9781304,0.042704232,28.58741951,34.85708618,143.375,22.125
376.1059057,0.042604458,27.98322487,34.80771959,140.625,21.875
381.0278776,0.047816459,28.69096756,34.85204983,143.375,21.875
370.9511463,0.041879494,28.42225647,35.04543173,153.625,21.875
371.6516667,0.043451048,28.43354797,35.04628932,153.875,21.875
371.23726,0.046079639,28.39741898,35.05000108,154.125,21.875
372.4998,0.04623777,28.30483818,35.05656701,154.375,21.875
373.1431569,0.04978634,28.21709633,35.06313294,154.625,21.875
371.7899808,0.052460231,28.15580559,35.06969887,154.875,21.875
371.4581765,0.052769292,28.11967659,35.07872784,155.125,21.875
370.8787059,0.056426011,28.0941925,35.09021986,155.375,21.875
370.5156471,0.056406222,28.06516075,35.10171187,155.625,21.875
370.4444314,0.058911532,28.02064514,35.11320388,155.875,21.875
370.1065588,0.061877396,27.9932251,35.12124908,156.125,21.875
378.3736774,0.044611055,28.12225723,34.80027878,140.625,21.625
379.0533182,0.040700659,28.13806343,34.80121934,140.875,21.625
383.9322041,0.051936835,28.78774071,34.84701347,143.375,21.625
369.7906316,0.05750512,28.0948391,35.11114562,156.125,21.625
370.2124286,0.053556763,28.09612846,35.11486995,156.375,21.625
371.5500455,0.050430018,28.1325798,35.12231863,156.875,21.625
373.5084906,0.051424608,28.15386963,35.12880921,157.125,21.625
377.35,0.055415213,28.1687088,35.13806605,157.375,21.625
382.6266923,0.051712066,28.83451462,34.8452583,143.375,21.375
382.6173714,0.053241737,28.81741905,34.85461324,143.625,21.375
377.0187727,0.063783705,28.25096703,35.12529987,157.375,21.375
376.6152,0.063795716,28.24161148,35.13374335,157.625,21.375
377.2033396,0.063479267,28.23806381,35.14218682,157.875,21.375
376.3438491,0.062250748,28.24612808,35.14863861,158.125,21.375
376.7920577,0.061063752,28.25322533,35.1530987,158.375,21.375
378.9523704,0.052820895,28.25387001,35.1575588,158.625,21.375
409.7880405,0.086899594,26.17354774,34.94018704,202.125,21.375
381.6938333,0.040800199,28.40709686,34.79663372,141.125,21.125
385.7362449,0.056939688,28.84096718,34.85626203,143.625,21.125
378.9099615,0.045029622,28.27354813,35.13927758,158.625,21.125
379.7472885,0.046068057,28.2816124,35.14250696,158.875,21.125
379.5856792,0.040582344,28.27193451,35.1465705,159.125,21.125
377.6117115,0.038238075,28.24903107,35.15146822,159.375,21.125
377.88222,0.036800746,28.20516014,35.15636593,159.625,21.125
376.9405,0.04189188,28.13322449,35.16126364,159.875,21.125
383.2798431,0.039944544,28.50451469,34.79467869,141.125,20.875
387.5136458,0.060634568,28.87709618,34.85791081,143.625,20.875
374.235875,0.042063948,28.09451485,35.13808626,160.375,20.875
373.5189216,0.041069068,28.07096672,35.13522965,160.625,20.875
373.7133333,0.04209955,28.07548332,35.13237303,160.875,20.875
374.0847,0.040999979,28.08870888,35.12891495,161.125,20.875
386.2824681,0.046614502,28.63612747,34.79272366,141.125,20.625
386.9095,0.05973646,28.90999985,34.8595596,143.625,20.625
389.7403488,0.057844788,28.9051609,34.8692829,143.875,20.625
373.3579231,0.040460739,28.13774109,35.10900629,161.125,20.625
377.1655294,0.040465534,28.13612747,35.10567391,161.375,20.625
378.2090962,0.039866202,28.10935402,35.10234153,161.625,20.625
378.1935,0.040286887,28.08096695,35.09900916,161.875,20.625
377.924549,0.042264044,28.05516052,35.09775501,162.125,20.625
377.564,0.046900835,28.02128983,35.09857911,162.375,20.625
386.6827917,0.042870421,28.8019352,34.79695624,141.375,20.375
388.2867755,0.047202688,28.9119339,34.86881804,143.875,20.375
376.73878,0.0421483,28.01483727,35.08433169,162.375,20.375
376.9464231,0.042593993,27.98354721,35.08351165,162.625,20.375
376.9081538,0.044698719,27.95838737,35.08269161,162.875,20.375
377.38252,0.046911292,27.93967628,35.08243817,163.125,20.375
378.7536154,0.042607304,27.92000008,35.08275133,163.375,20.375
388.0300816,0.039671071,28.8758049,34.79809147,141.375,20.125
387.9540638,0.041911207,28.88096619,34.86611676,143.875,20.125
388.738,0.041750249,28.87193489,34.87467331,144.125,20.125
380.59275,0.038595915,27.92967606,35.06731743,163.875,20.125
382.6625,0.032776084,27.9751606,35.06711423,164.125,20.125
383.3044694,0.030796934,28.03548241,35.06747735,164.375,20.125
382.6828649,0.030463364,28.08774185,35.06784046,164.625,20.125
389.0601111,0.039358523,28.89774132,34.7992267,141.375,19.875
388.9717561,0.03832553,28.9187088,34.8045612,141.625,19.875
388.9522245,0.04107894,28.86193466,34.87140089,144.125,19.875
380.2525833,0.03012095,28.09774208,35.05391514,164.625,19.875
379.9872174,0.029942559,28.09032249,35.05534875,164.875,19.875
379.4978367,0.031974655,28.04645157,35.05846167,165.125,19.875
379.8298776,0.032405507,28.00354767,35.06325388,165.375,19.875
380.7125306,0.032739431,27.95806313,35.06804609,165.625,19.875
380.2580357,0.031783007,27.90677261,35.07283831,165.875,19.875
389.7222,0.043169044,28.92354774,34.80597323,141.625,19.625
385.1296,0.040219445,28.88096619,34.86812848,144.125,19.625
381.7681739,0.030879499,27.90612793,35.0559392,165.875,19.625
381.7528,0.032145541,27.84870911,35.05732411,166.125,19.625
380.7852857,0.033452492,27.80967712,35.05661017,166.375,19.625
380.3708,0.033396993,27.77645111,35.05589622,166.625,19.625
380.5522051,0.031612944,27.75741959,35.05518228,166.875,19.625
388.2799091,0.043446176,28.9209671,34.80523056,141.625,19.375
388.34125,0.044483211,28.92483711,34.81080228,141.875,19.375
384.3983095,0.038711846,28.934515,34.86631608,144.125,19.375
382.0974286,0.040340193,28.94387054,34.87582278,144.375,19.375
380.8524667,0.031284079,27.7341938,35.03380233,167.375,19.375
380.85844,0.030780846,27.720644,35.03071612,167.625,19.375
380.1192308,0.031145701,27.69677353,35.02762991,167.875,19.375
380.4175882,0.031811066,27.6732254,35.02534252,168.125,19.375
380.6145556,0.033547174,27.65483856,35.02385396,168.375,19.375
389.9408293,0.042198423,28.90999985,34.80754894,141.875,19.125
381.7301429,0.040083818,28.99483871,34.87581086,144.375,19.125
380.2056452,0.033735573,27.66322517,35.00843149,168.375,19.125
377.3253922,0.03310905,27.63354683,35.00727886,168.625,19.125
377.4260196,0.033625588,27.57999992,35.00612622,168.875,19.125
377.4266731,0.032743465,27.50580597,35.00206918,169.125,19.125
376.6732453,0.033723619,27.4390316,34.99510771,169.375,19.125
376.415,0.035060532,27.39128876,34.98814625,169.625,19.125
392.3669667,0.038006555,28.90128899,34.8042956,141.875,18.875
390.5892632,0.041032948,28.93419266,34.81124294,142.125,18.875
381.9264,0.040072225,29.03225708,34.87579894,144.375,18.875
376.6452941,0.034932319,27.33774185,34.97343546,169.625,18.875
376.9553846,0.036772534,27.29741859,34.96642274,169.875,18.875
378.3301429,0.037793126,27.29290199,34.965527,170.125,18.875
378.0464762,0.037175629,27.29741859,34.97074825,170.375,18.875
382.353375,0.037646733,27.28999901,34.98119074,170.875,18.875
382.2756923,0.036755323,27.28903198,34.98976928,171.125,18.875
381.6911765,0.035191651,27.30451584,35.00170511,171.375,18.875
381.9308235,0.033581086,27.33645058,35.01364094,171.625,18.875
380.1747451,0.030851478,27.37032127,35.02557677,171.875,18.875
379.2366383,0.032479171,27.3848381,35.03300089,172.125,18.875
379.4615625,0.034242291,27.37935448,35.03591329,172.375,18.875
380.13678,0.033353943,27.35483742,35.03882569,172.625,18.875
380.2090204,0.032013603,27.34000015,35.04173809,172.875,18.875
381.9204898,0.032332376,27.33386993,35.04586887,173.125,18.875
380.9326735,0.029597923,27.33612823,35.05121803,173.375,18.875
381.7572083,0.029515501,27.33225822,35.05656719,173.625,18.875
383.0507755,0.029460728,27.32903099,35.06191635,173.875,18.875
382.4291111,0.029002119,27.34096718,35.06572455,174.125,18.875
388.3131724,0.030895429,27.38612938,35.07025903,174.625,18.875
387.87,0.030810598,27.36774063,35.07252628,174.875,18.875
382.2332041,0.030850379,27.31193542,35.07217789,175.125,18.875
380.5832653,0.033882342,27.23096657,35.06921387,175.375,18.875
379.2985918,0.034640308,27.1574192,35.06624985,175.625,18.875
379.2843043,0.032950293,27.14548302,35.06328583,175.875,18.875
380.8400217,0.031977132,27.19161224,35.05791783,176.125,18.875
383.9656122,0.030990016,27.26064491,35.05014586,176.375,18.875
385.8462653,0.030998854,27.33064461,35.0423739,176.625,18.875
386.4461837,0.031858593,27.38354874,35.03460193,176.875,18.875
384.6481042,0.031015741,27.41096687,35.0269025,177.125,18.875
387.5592041,0.033167839,27.42161179,35.01927561,177.375,18.875
388.1690417,0.035185352,27.41677284,35.01164871,177.625,18.875
388.6174545,0.034589685,27.4029026,35.00402182,177.875,18.875
387.3050882,0.038238525,27.41032219,34.99096906,178.375,18.875
387.1096667,0.035201129,27.40677261,34.98480952,178.625,18.875
386.92502,0.034666292,27.39451599,34.97864997,178.875,18.875
387.3623469,0.033339716,27.36709595,34.97420871,179.125,18.875
387.2156531,0.033924431,27.34612846,34.97148573,179.375,18.875
386.6081915,0.033265069,27.32935333,34.96876276,179.625,18.875
386.31198,0.032653153,27.31064415,34.96603978,179.875,18.875
385.26472,0.034597773,27.29483795,34.96709269,180.125,18.875
387.1849796,0.03465721,27.27709579,34.9719215,180.375,18.875
385.8322941,0.034606587,27.25419235,34.97675031,180.625,18.875
388.1855294,0.03472336,27.23290253,34.98157912,180.875,18.875
386.77828,0.035272162,27.21322441,34.98632711,181.125,18.875
387.8696429,0.033908181,27.19741821,34.99099427,181.375,18.875
388.8476667,0.035275619,27.20419312,35.0003286,181.875,18.875
390.62406,0.035295982,27.21257973,35.0039528,182.125,18.875
391.8361224,0.037142225,27.21999931,35.00653404,182.375,18.875
388.7665306,0.036612332,27.22032166,35.00911528,182.625,18.875
387.0637959,0.03782104,27.22548294,35.01169652,182.875,18.875
386.0407292,0.037378967,27.2364502,35.01493692,183.125,18.875
386.334,0.038671833,27.24128914,35.0188365,183.375,18.875
384.8691702,0.038857359,27.24419212,35.02273607,183.625,18.875
384.3814255,0.037070185,27.22999954,35.02663565,183.875,18.875
384.6396154,0.036399275,27.2003212,35.02223486,184.125,18.875
387.5776863,0.038594671,28.9480648,34.80827677,142.125,18.625
383.9773784,0.036151689,27.24903107,34.99568397,184.125,18.625
383.1310816,0.038573079,27.21999931,34.98227209,184.375,18.625
385.08698,0.037933018,27.19774055,34.96886021,184.625,18.625
387.2247755,0.038354423,27.18419266,34.95544833,184.875,18.625
385.1107692,0.038042579,27.18258095,34.94413793,185.125,18.625
385.2379091,0.039572693,27.20451546,34.9257201,185.625,18.625
383.75418,0.040611383,27.21645164,34.91651118,185.875,18.625
383.8070833,0.041288044,27.19903183,34.91085953,186.125,18.625
387.1400976,0.040658794,28.96870995,34.81321174,142.125,18.375
386.4307778,0.041217003,28.99386978,34.82330984,142.375,18.375
380.8089143,0.039142191,28.99645042,34.89270461,144.625,18.375
383.7479189,0.039166857,27.18290329,34.89819896,186.125,18.375
383.95394,0.039849274,27.15193558,34.89669192,186.375,18.375
385.8907843,0.040896628,27.12999916,34.89518487,186.625,18.375
387.543098,0.038084637,27.11935425,34.89367783,186.875,18.375
384.4767292,0.037542306,27.10451508,34.89419985,187.125,18.375
387.6963542,0.036693346,27.09903145,34.89675093,187.375,18.375
387.8120769,0.037853803,27.09677315,34.89930201,187.625,18.375
387.7460784,0.038298342,27.08870888,34.90185308,187.875,18.375
392.7876667,0.038068123,27.07999992,34.90488523,188.125,18.375
386.79486,0.040235568,29.01870918,34.83548146,142.375,18.125
380.5612449,0.043089107,29.00387001,34.90515506,144.625,18.125
393.6845714,0.042344261,27.09709549,34.90576059,188.125,18.125
390.7368431,0.041465592,27.09967613,34.91044849,188.375,18.125
390.6128478,0.041660555,27.09967613,34.9151364,188.625,18.125
393.657,0.04681436,27.08806419,34.92224801,189.125,18.125
393.65268,0.050315671,27.10451508,34.92240751,189.375,18.125
393.9637451,0.051496211,27.11193466,34.92256701,189.625,18.125
394.1385306,0.052016869,27.12709618,34.92272651,189.875,18.125
385.76255,0.039044838,29.03967667,34.84765309,142.375,17.875
380.3881818,0.043065779,29.01935387,34.91760552,144.625,17.875
381.0294375,0.040894061,29.00806427,34.92759454,144.875,17.875
394.2150392,0.065088071,27.12677383,34.92361885,190.125,17.875
393.4535385,0.072645821,27.14032173,34.91808194,190.375,17.875
393.4888431,0.07780274,27.14225769,34.91254503,190.625,17.875
393.1927234,0.078236602,27.13903236,34.90700811,190.875,17.875
394.1344651,0.082408376,27.14161301,34.90061742,191.125,17.875
387.28508,0.041813273,29.01483727,34.93976128,144.875,17.625
393.88675,0.086911038,27.1280632,34.90332216,191.125,17.625
394.011,0.089138739,27.12967682,34.8956278,191.375,17.625
393.7534902,0.085133292,27.10612869,34.88793343,191.625,17.625
393.8716047,0.079054788,27.10451508,34.88023907,191.875,17.625
394.69686,0.079007715,27.11128998,34.87382799,192.125,17.625
394.7343333,0.077569813,27.12096786,34.86870021,192.375,17.625
388.0448182,0.042327523,29.03096771,34.8751027,142.625,17.375
389.2541429,0.041043479,29.00806427,34.94538659,144.875,17.375
391.6962727,0.076755047,27.11064529,34.85920262,192.875,17.375
387.0739608,0.070820116,27.09483719,34.8509289,193.125,17.375
388.57214,0.068180174,27.07322502,34.83941734,193.375,17.375
387.42625,0.064347215,27.04838562,34.82790577,193.625,17.375
390.395125,0.047127075,29.0564518,34.87794214,142.625,17.125
389.3523548,0.045739934,29.03193474,34.88790292,142.875,17.125
388.8561875,0.039779764,29.02322578,34.94447047,144.875,17.125
388.6909412,0.038151879,29.05096626,34.94681716,145.125,17.125
387.0253684,0.066313989,27.00258064,34.82345712,193.625,17.125
387.3792941,0.066961139,26.96870995,34.81009972,193.875,17.125
391.9855686,0.065859459,26.93870926,34.80093551,194.125,17.125
393.384566,0.064446867,26.90806389,34.79596448,194.375,17.125
393.7199792,0.066264786,26.87516022,34.79099345,194.625,17.125
396.5829048,0.066315196,26.84387016,34.78602242,194.875,17.125
392.3239362,0.043551315,29.07612801,34.89220124,142.875,16.875
387.7910204,0.040101092,29.08193398,34.94295239,145.125,16.875
399.7940526,0.063574307,26.83225822,34.77113128,194.875,16.875
400.8292545,0.064153396,26.82806396,34.76507783,195.125,16.875
400.9879444,0.066026799,26.81709671,34.76013446,195.375,16.875
400.1601509,0.067611903,26.80709648,34.75519109,195.625,16.875
399.5496667,0.076524302,26.80548286,34.75024772,195.875,16.875
395.2095333,0.04320683,29.10032272,34.89649957,142.875,16.625
394.7220588,0.043740503,29.09161186,34.90716761,143.125,16.625
388.2128542,0.041846272,29.10096741,34.93908763,145.125,16.625
390.9376154,0.071095861,26.80709648,34.708772,196.375,16.625
388.1158462,0.070887223,26.79870987,34.69065303,196.625,16.625
385.4001923,0.070599236,26.78741837,34.67253405,196.875,16.625
384.3358077,0.065113664,26.76161194,34.65608603,197.125,16.625
384.3043333,0.062000934,26.7341938,34.64130896,197.375,16.625
394.7059792,0.042992044,29.10709572,34.89843196,143.125,16.375
388.4304737,0.039456457,29.09580612,34.93565732,145.125,16.375
389.5332,0.036745343,29.05354691,34.92546219,145.375,16.375
384.7084894,0.062286105,26.713871,34.61879539,197.375,16.375
387.0568269,0.060442351,26.68806458,34.60348606,197.625,16.375
386.9029231,0.056899671,26.64870834,34.58817673,197.875,16.375
387.419,0.054528009,26.59709549,34.58424199,198.125,16.375
387.67152,0.052707452,26.55774117,34.59168184,198.375,16.375
395.6411053,0.043786835,29.12354851,34.87569004,143.125,16.125
396.7287273,0.042380057,29.10838699,34.88850564,143.375,16.125
389.5170833,0.03548573,29.02032089,34.92327625,145.375,16.125
387.3925,0.0508788,26.51483727,34.57502472,198.375,16.125
387.7301731,0.051643375,26.49128914,34.58116424,198.625,16.125
388.2889216,0.04960148,26.48258018,34.58730376,198.875,16.125
387.6788846,0.05278118,26.47580528,34.58946371,199.125,16.125
383.7165,0.053221587,26.48290253,34.5876441,199.375,16.125
397.2479574,0.041801337,29.12516022,34.86850721,143.375,15.875
389.5163654,0.035190333,28.9909668,34.9210903,145.375,15.875
382.325,0.052716482,26.49419212,34.55044794,199.625,15.875
382.09076,0.049069084,26.4796772,34.54244089,199.875,15.875
384.3513846,0.05013036,26.463871,34.53483623,200.125,15.875
383.834566,0.048016898,26.45064354,34.52763397,200.375,15.875
383.2551346,0.045951784,26.43193436,34.5204317,200.625,15.875
383.661,0.047606923,26.40419197,34.51322943,200.875,15.875
398.0548043,0.03538515,29.1551609,34.84850878,143.375,15.625
397.924,0.033904765,29.14161301,34.86681134,143.625,15.625
387.6936038,0.03123134,29.00741959,34.91890436,145.375,15.625
382.9198235,0.047913916,26.4164505,34.47938222,200.875,15.625
383.7638113,0.048400015,26.39322472,34.46727383,201.125,15.625
383.9529412,0.047307853,26.37225723,34.44717062,201.375,15.625
384.7099149,0.049439847,26.32999992,34.4270674,201.625,15.625
384.29384,0.051566735,26.27225685,34.40696418,201.875,15.625
384.3934444,0.049282037,26.2116127,34.39303571,202.125,15.625
397.120875,0.034825526,29.16386986,34.83267766,143.625,15.375
388.4403333,0.034662213,29.06290245,34.90667248,145.375,15.375
389.6529714,0.039983746,29.02967644,34.90037441,145.625,15.375
384.1871176,0.048159558,26.18999863,34.34278494,202.125,15.375
383.6402115,0.045525137,26.12032127,34.33571261,202.375,15.375
382.8566383,0.049436621,26.06548309,34.32864028,202.625,15.375
380.1312,0.053227577,26.03064537,34.31235462,203.125,15.375
379.7798571,0.053961948,26.04580498,34.3010003,203.375,15.375
398.2670426,0.034230474,29.16193581,34.78166527,143.625,15.125
390.7183226,0.037742961,29.08516121,34.88022137,145.625,15.125
378.4140238,0.052911658,26.05129051,34.26170546,203.375,15.125
374.3059231,0.057698369,26.06677437,34.25129932,203.625,15.125
376.6770577,0.057466265,26.07386971,34.24089319,203.875,15.125
384.0788431,0.055221092,26.08225822,34.23125082,204.125,15.125
387.8803265,0.059515901,26.08225822,34.22237223,204.375,15.125
387.63042,0.06385608,26.08161163,34.21349365,204.625,15.125
390.0138571,0.071359001,26.08419228,34.20461506,204.875,15.125
389.521,0.064533502,26.10838699,34.19666481,205.125,15.125
387.4706042,0.066558242,26.14903069,34.18964291,205.375,15.125
385.3162857,0.067978136,26.18387032,34.182621,205.625,15.125
382.1358163,0.065904066,26.20387077,34.1755991,205.875,15.125
383.0741042,0.072607033,26.18774033,34.16578466,206.125,15.125
382.57905,0.069449022,26.16903114,34.15317768,206.375,15.125
381.2637692,0.077605076,26.16128922,34.12796372,206.875,15.125
375.1280417,0.076963454,26.16967583,34.11987758,207.125,15.125
368.2881837,0.076340027,26.14774132,34.11631227,207.375,15.125
372.8163469,0.072586313,26.11741829,34.11274695,207.625,15.125
374.7726458,0.06986174,26.08548355,34.10918164,207.875,15.125
380.2162041,0.072017141,26.07290268,34.09922659,208.125,15.125
378.9911667,0.068317302,26.072258,34.08288181,208.375,15.125
379.8727447,0.067067608,26.06999969,34.06653702,208.625,15.125
379.7802391,0.069415756,26.06580544,34.05019224,208.875,15.125
378.5174694,0.069739476,26.06645012,34.04172957,209.125,15.125
379.01766,0.067340083,26.06161308,34.04114902,209.375,15.125
379.9834082,0.069620788,26.05032158,34.04056847,209.625,15.125
375.5572,0.071713574,26.03322601,34.03998792,209.875,15.125
368.8254167,0.07486283,26.00032234,34.04072875,210.125,15.125
367.5364118,0.069237858,25.93354797,34.04485315,210.625,15.125
370.2053878,0.067488037,25.88064384,34.04691535,210.875,15.125
374.5059592,0.06542781,25.81483841,34.05041724,211.125,15.125
375.0913,0.069169439,25.75935364,34.05535883,211.375,15.125
377.0077843,0.065634534,25.72032166,34.06030041,211.625,15.125
380.17172,0.066716664,25.71419334,34.06524199,211.875,15.125
382.25296,0.068303481,25.68387032,34.07016152,212.125,15.125
381.0816531,0.070310526,25.64645195,34.075059,212.375,15.125
379.8856667,0.069289356,25.58548355,34.07995647,212.625,15.125
379.1354118,0.075506128,25.51838684,34.08485395,212.875,15.125
379.6742157,0.072012708,25.46451569,34.0949859,213.125,15.125
386.7145472,0.073257096,25.43935394,34.11035234,213.375,15.125
388.1075,0.072599187,25.41612816,34.12571877,213.625,15.125
390.7972105,0.089871362,25.4051609,34.1498419,214.125,15.125
386.9335385,0.090929128,25.45161247,34.15198886,214.375,15.125
386.1221132,0.088740967,25.48032188,34.15413582,214.625,15.125
381.3526078,0.117152952,25.51290321,34.15628278,214.875,15.125
382.2752115,0.127413392,25.53322601,34.16327405,215.125,15.125
383.1667059,0.118116245,25.56129074,34.17510962,215.375,15.125
380.6537059,0.130142778,25.59161186,34.1869452,215.625,15.125
384.8287885,0.115090184,25.61967659,34.19878078,215.875,15.125
382.7151569,0.108675301,25.60225677,34.20918041,216.125,15.125
381.4401277,0.0913243,25.57548332,34.21814412,216.375,15.125
393.76806,0.089207619,25.51612854,34.22710782,216.625,15.125
385.403,0.092732467,25.45193481,34.23607153,216.875,15.125
385.231225,0.09811309,25.38193512,34.24447542,217.125,15.125
388.7359231,0.102475598,25.29999924,34.26016361,217.625,15.125
385.6757885,0.094914794,25.29548264,34.2680077,217.875,15.125
384.5004,0.093859009,25.27548409,34.27520919,218.125,15.125
389.26274,0.099410102,25.28032112,34.28176808,218.375,15.125
383.6001429,0.100051023,25.28290176,34.28832698,218.625,15.125
378.4970816,0.102907136,25.2793541,34.29488587,218.875,15.125
378.3168163,0.092423744,25.28322601,34.29858208,219.125,15.125
382.381551,0.093020812,25.29516029,34.29941559,219.375,15.125
382.3277959,0.101953007,25.28580666,34.3002491,219.625,15.125
383.7635111,0.099086486,25.26483727,34.30108261,219.875,15.125
384.4757234,0.097285502,25.24645042,34.29500926,220.125,15.125
384.14804,0.105666883,25.21451569,34.28202903,220.375,15.125
382.8337647,0.123264961,25.17967606,34.26904881,220.625,15.125
381.9312941,0.124921717,25.17128944,34.25606859,220.875,15.125
392.1030571,0.163763553,25.17032242,34.22714412,221.375,15.125
391.1992941,0.154305831,25.17677307,34.21218789,221.625,15.125
388.0818654,0.156503215,25.20290184,34.19723165,221.875,15.125
389.6052941,0.145992905,25.23677444,34.17895228,222.125,15.125
389.2158824,0.105159223,25.28677368,34.15734977,222.375,15.125
390.7083922,0.107229166,25.31419373,34.13574725,222.625,15.125
386.5737843,0.085174851,25.32838631,34.11414474,222.875,15.125
385.87825,0.093038775,25.33386993,34.09703887,223.125,15.125
391.1059167,0.1071117,25.33709526,34.08442962,223.375,15.125
391.2859565,0.109316289,25.33451653,34.07182038,223.625,15.125
392.38492,0.106205791,25.31516075,34.05921113,223.875,15.125
399.8429592,0.11105404,25.28483772,34.04961491,224.125,15.125
401.3719091,0.113216609,25.26451492,34.04303169,224.375,15.125
398.4598889,0.032100774,29.13354874,34.73065287,143.625,14.875
398.4394615,0.033082228,29.12548256,34.75120515,143.875,14.875
389.3376667,0.032926988,29.09741783,34.86006832,145.625,14.875
388.8960612,0.029756401,29.07354736,34.85801983,145.875,14.875
397.2032,0.1162306,25.26096725,34.02153206,224.875,14.875
395.4967255,0.117459297,25.18257904,34.01745683,225.125,14.875
397.7772549,0.113216944,25.09548378,34.01679558,225.375,14.875
398.7495686,0.124539509,25.03677368,34.01613432,225.625,14.875
402.48066,0.122770257,25.02967644,34.01547307,225.875,14.875
404.70606,0.131374493,25.06677437,34.01488924,226.125,14.875
402.59858,0.130608141,25.11935425,34.01438284,226.375,14.875
401.4611373,0.141944692,25.18354797,34.01387644,226.625,14.875
393.5092353,0.154440239,25.24161148,34.01337004,226.875,14.875
388.9356667,0.140795276,25.29096794,34.0138672,227.125,14.875
388.606766,0.125311121,25.35322571,34.01536793,227.375,14.875
391.3022157,0.108094648,25.39096642,34.01686865,227.625,14.875
388.0950784,0.108925581,25.39419365,34.01836938,227.875,14.875
393.2461667,0.107162386,25.38193512,34.02070767,228.125,14.875
391.332,0.12887831,25.43870926,34.02705938,228.625,14.875
386.9362941,0.118057609,25.44677353,34.03023523,228.875,14.875
384.6283,0.114861056,25.47096825,34.03348172,229.125,14.875
394.3057843,0.105493546,25.47580528,34.03679883,229.375,14.875
400.49548,0.097516797,25.470644,34.04011595,229.625,14.875
397.7263,0.099682555,25.44193459,34.04343307,229.875,14.875
393.8295476,0.10066627,25.44935417,34.0436489,230.125,14.875
398.8233404,0.028275214,29.11580658,34.70054394,143.875,14.625
390.7441818,0.027247993,29.05806351,34.83999157,145.875,14.625
390.9216667,0.028899038,29.05870819,34.83930093,146.125,14.625
396.7035,0.102033846,25.53257942,34.01953226,230.125,14.625
395.55084,0.118155509,25.59645081,34.01552504,230.375,14.625
388.15036,0.109803952,25.62967682,34.01151782,230.625,14.625
386.7141837,0.111828662,25.64064407,34.0075106,230.875,14.625
388.6959348,0.126304269,25.65967751,33.99878615,231.125,14.625
386.65516,0.136367097,25.70548248,33.98534447,231.375,14.625
384.94852,0.118063807,25.76064491,33.97190279,231.625,14.625
394.1298889,0.116805106,25.84935379,33.93316835,232.125,14.625
397.6321569,0.12637271,25.91161156,33.89602453,232.375,14.625
399.9048235,0.125249103,25.96257973,33.8588807,232.625,14.625
396.24442,0.116026849,26.00354767,33.82173687,232.875,14.625
390.9174118,0.124315053,26.02580643,33.79401928,233.125,14.625
399.1003125,0.027623044,29.14258003,34.64288175,143.875,14.375
398.6558077,0.028691126,29.13677406,34.66975105,144.125,14.375
390.9400536,0.027030263,29.03129005,34.7991246,146.125,14.375
391.9909412,0.12074592,26.06806374,33.76893294,233.125,14.375
387.35975,0.122826248,26.10741806,33.7543658,233.375,14.375
382.9451,0.125994384,26.18612862,33.73979867,233.625,14.375
381.63032,0.129107863,26.23774147,33.72523153,233.875,14.375
382.7106471,0.132417172,26.27903175,33.71453995,234.125,14.375
385.1825102,0.131038472,26.33967781,33.70772392,234.375,14.375
385.3953043,0.124367505,26.39741898,33.70090789,234.625,14.375
385.85712,0.129751354,26.45193481,33.69409186,234.875,14.375
384.7053571,0.128205374,26.48322487,33.68677384,235.125,14.375
380.2951667,0.129383251,26.4932251,33.67113382,235.625,14.375
381.0210588,0.113475449,26.50419235,33.66331381,235.875,14.375
391.7708974,0.026980963,29.02645111,34.73549044,146.125,14.125
391.7533125,0.026995672,29.02290344,34.74432456,146.375,14.125
382.42975,0.114490658,26.48677444,33.66052037,235.875,14.125
384.34848,0.121366911,26.54322433,33.64911813,236.125,14.125
387.7219796,0.119243346,26.61257935,33.63860613,236.375,14.125
385.5454694,0.120871469,26.68999863,33.62809414,236.625,14.125
386.6180612,0.127029493,26.77064514,33.61758214,236.875,14.125
384.590898,0.128113255,26.84999847,33.59981084,237.125,14.125
383.5588824,0.123033665,26.93612862,33.57478023,237.375,14.125
383.37578,0.11391335,26.99967766,33.54974961,237.625,14.125
384.79072,0.116661727,27.01419258,33.524719,237.875,14.125
382.48122,0.1266139,27.02419281,33.50556701,238.125,14.125
381.9889348,0.141015574,27.03967667,33.49229366,238.375,14.125
380.8902917,0.122141376,27.07741928,33.4790203,238.625,14.125
381.5744,0.121171013,27.12225723,33.46574694,238.875,14.125
390.4085556,0.024870722,29.00128937,34.68738663,146.375,13.875
381.4346923,0.141012326,27.18387032,33.4817881,238.875,13.875
390.6826429,0.151907653,27.25580597,33.4632355,239.375,13.875
390.9609,0.155880824,27.27419281,33.45524347,239.625,13.875
392.64372,0.144654825,27.30806351,33.44725144,239.875,13.875
398.9285294,0.12037196,27.35612869,33.43848562,240.125,13.875
393.2303922,0.1140012,27.4299984,33.42894602,240.375,13.875
391.7023725,0.10384585,27.4977417,33.41940641,240.625,13.875
389.7371765,0.099832043,27.56580544,33.40986681,240.875,13.875
387.2662609,0.098221235,27.59709549,33.40464246,241.125,13.875
393.7753187,0.024600204,29.177742,34.49239767,144.375,13.625
386.167,0.098375492,27.6732254,33.40221798,241.125,13.625
385.892,0.100506514,27.69419289,33.40220106,241.375,13.625
385.1757451,0.094309546,27.72645187,33.40218413,241.625,13.625
387.5371538,0.105022147,27.72548294,33.4021672,241.875,13.625
389.5684468,0.104156345,27.70774078,33.40145391,242.125,13.625
390.5878333,0.106799863,27.66483879,33.40004426,242.375,13.625
386.0975882,0.103358075,27.50451469,33.39722496,242.875,13.625
385.7138,0.102000929,27.46741867,33.39630544,243.125,13.625
394.2941714,0.02826483,29.20870972,34.43572384,144.375,13.375
394.4498462,0.030450568,29.15548325,34.45797724,144.625,13.375
388.6829091,0.028368944,28.96096802,34.59516305,146.625,13.375
386.1431892,0.104818031,27.51387024,33.3958174,243.125,13.375
387.9052353,0.101454936,27.52354813,33.39509094,243.375,13.375
388.9206154,0.107001774,27.52677345,33.39436448,243.625,13.375
394.0220385,0.120628685,27.5541935,33.39363801,243.875,13.375
395.8778654,0.130018383,27.58741951,33.38076031,244.125,13.375
393.0873269,0.114612736,27.60161209,33.35573137,244.375,13.375
387.0960755,0.122847356,27.61096764,33.33070242,244.625,13.375
385.9701224,0.127663016,27.61257935,33.30567348,244.875,13.375
393.5449149,0.028092552,29.18515968,34.41340333,144.625,13.125
389.5478333,0.030535052,28.96677399,34.53038031,146.625,13.125
388.9769474,0.031809323,28.97322464,34.55072182,146.875,13.125
386.8973333,0.130310476,27.61999893,33.3066889,244.875,13.125
387.9146038,0.121793889,27.6303215,33.28903127,245.125,13.125
384.0767692,0.122267075,27.6732254,33.28102183,245.375,13.125
380.4798511,0.130080521,27.72386932,33.2730124,245.625,13.125
383.4889143,0.134043366,27.77677345,33.26500297,245.875,13.125
385.4873333,0.119874008,27.8245163,33.2488777,246.375,13.125
397.9306154,0.1187445,27.84451485,33.24079734,246.625,13.125
407.1051944,0.117790557,27.84516144,33.23271698,246.875,13.125
394.1246364,0.027215386,29.22645187,34.36882943,144.625,12.875
386.4247241,0.032586992,28.98032188,34.48245031,146.875,12.875
412.222125,0.120523602,27.82128906,33.2201367,246.875,12.875
415.4843529,0.130293414,27.83806419,33.20681268,247.125,12.875
417.7468269,0.125398353,27.88322449,33.19050831,247.375,12.875
418.8996078,0.126562715,27.93354797,33.17420393,247.625,12.875
418.6976792,0.128711119,27.96354866,33.15789956,247.875,12.875
418.3042115,0.132276416,27.96677399,33.14779407,248.125,12.875
409.3689808,0.139254376,27.99225807,33.14388746,248.375,12.875
393.8077843,0.13340798,28.03870964,33.13998085,248.625,12.875
390.0267083,0.134816125,28.05516052,33.13607424,248.875,12.875
395.14,0.025297342,29.25354767,34.32425553,144.625,12.625
395.6610263,0.026215229,29.23128891,34.34169883,144.875,12.625
385.26325,0.032960992,28.99451637,34.41417879,146.875,12.625
385.7326531,0.030304262,28.98677444,34.42735142,147.125,12.625
387.3319286,0.13811183,28.06193542,33.13009936,248.875,12.625
385.8120638,0.14306289,28.03870964,33.12901288,249.125,12.625
384.9282647,0.143679842,28.01838684,33.13011879,249.375,12.625
384.1787895,0.152133211,28.00322533,33.1323306,249.875,12.625
395.7115319,0.023728603,29.25128937,34.30202514,144.875,12.375
386.5418333,0.032630622,28.99935341,34.373074,147.125,12.375
386.7725,0.033856459,28.98096657,34.38999206,147.375,12.375
396.0688235,0.022617757,29.29870987,34.26885504,144.875,12.125
395.7138333,0.023153111,29.27999878,34.27562833,145.125,12.125
385.2769286,0.034470975,28.98161316,34.35038275,147.375,12.125
396.352,0.023355255,29.33483887,34.24038959,145.125,11.875
384.1085581,0.032546259,29.00612831,34.31077343,147.375,11.875
382.8206429,0.034449033,28.98903084,34.33151335,147.625,11.875
396.2643469,0.022967931,29.39419365,34.20515084,145.125,11.625
383.0727857,0.031408105,29.01419258,34.29381496,147.625,11.625
394.3360769,0.024319131,29.46322441,34.17951393,145.125,11.375
392.5762353,0.024136908,29.43064499,34.17673111,145.375,11.375
383.2391429,0.03334526,29.04935455,34.26040202,147.625,11.375
383.6973636,0.03229532,29.02419281,34.28160328,147.875,11.375
392.1220417,0.026215091,29.47870827,34.1612606,145.375,11.125
383.2114035,0.034682311,29.06096649,34.2476657,147.875,11.125
388.5750789,0.030684268,29.52515984,34.1457901,145.375,10.875
389.3344444,0.033320308,29.47677422,34.14413643,145.625,10.875
383.693087,0.034880377,29.08096695,34.21372813,147.875,10.875
383.9383824,0.031133007,29.07870865,34.22246039,148.125,10.875
389.905,0.029536786,29.52999878,34.1292305,145.625,10.625
384.4297586,0.031576358,29.10225677,34.18444908,148.125,10.625
387.063,0.032083165,29.61354828,34.08765393,145.625,10.125
386.3385758,0.038643442,29.58225822,34.08633894,145.875,10.125
383.2138293,0.035372473,29.18483734,34.12484419,148.375,10.125
387.0966383,0.040531192,29.61580658,34.06325108,145.875,9.875
385.4506667,0.033626825,29.26515961,34.09719312,148.375,9.875
384.8071132,0.030373162,29.23903084,34.09745657,148.625,9.875
386.798186,0.037265383,29.63838577,34.04016322,145.875,9.625
386.62625,0.038085319,29.59483719,34.0420509,146.125,9.625
383.5754082,0.033179782,29.31193542,34.06955993,148.625,9.625
382.3128571,0.029072788,29.28709602,34.06957781,148.875,9.625
386.6040208,0.038382709,29.59838676,34.03229994,146.125,9.375
379.7838182,0.035754442,29.34645081,34.04828715,148.875,9.375
386.7394681,0.044318862,29.62870789,34.03619462,146.125,9.125
382.5795476,0.056252044,29.41741943,34.03384805,148.875,9.125
399.3832143,0.043553308,29.45741844,34.0344975,149.125,9.125
386.4911429,0.048816189,29.61515999,34.04008931,146.125,8.875
387.7214444,0.060219005,29.56354713,34.04251295,146.375,8.875
389.5440364,0.060209841,29.51677322,34.01808715,149.125,8.875
386.5117959,0.05147244,29.5896759,34.04512566,146.375,8.625
383.1808286,0.068843693,29.54645157,34.0016768,149.125,8.625
391.6982083,0.057767637,29.58774185,34.00448489,149.375,8.625
388.2401915,0.05614344,29.61806297,34.05231196,146.375,8.375
388.7112,0.057793975,29.58709526,34.00068569,149.375,8.375
387.8002083,0.058926165,29.61096764,34.06348926,146.625,8.125
382.8099333,0.07111977,29.59741783,34.01078606,149.375,8.125
382.3059556,0.05945855,29.60161209,34.00810623,149.625,8.125
385.2878235,0.06292998,29.61967659,34.07452697,146.625,7.875
383.5395227,0.058130853,29.61741829,34.01497746,149.625,7.875
383.1299412,0.066684678,29.63354683,34.00906849,149.875,7.875
384.4993333,0.073198855,29.65677261,34.08556467,146.625,7.625
384.7497959,0.07956069,29.64999962,34.08353776,146.875,7.625
381.30138,0.062615268,29.63322449,34.01271057,149.875,7.625
386.0677368,0.081258617,29.72419357,34.08783776,146.875,7.375
386.7602143,0.074999332,29.74935341,34.08532804,147.125,7.375
380.9425455,0.063512214,29.64322472,34.020886,149.875,7.375
387.0803265,0.091700606,29.80806351,34.08372861,147.125,7.125
385.9583095,0.075646058,29.7409668,34.04508108,150.125,6.875
388.4023333,0.079074465,29.88516045,34.07732075,147.375,6.625
382.9722308,0.082242504,29.82386971,34.05965263,150.125,6.625
389.7946,0.079682045,29.93838692,34.08183378,147.375,6.375
389.1534545,0.073512919,29.88935471,34.07917839,147.625,6.375
383.99125,0.09755148,29.91225815,34.07579839,150.125,6.375
391.7867222,0.081976511,29.95645142,34.09117478,147.625,6.125
386.203875,0.110036679,29.99193382,34.09351838,150.125,6.125
386.2930682,0.098188832,30.05451584,34.10077226,150.375,6.125
395.9419434,0.086296201,30.00161171,34.10299391,147.875,5.875
388.3849608,0.088746689,30.11322594,34.12049258,150.375,5.875
393.8272759,0.093124613,30.08419228,34.11622936,147.875,5.625
394.0491538,0.093938835,30.06419373,34.11313486,148.125,5.625
392.651451,0.082887113,30.1258049,34.14021289,150.375,5.625
400.1071481,0.080777682,30.14935493,34.13838029,148.125,5.375
397.2012069,0.071996391,30.11903191,34.183608,150.375,5.375
401.5386522,0.082916282,30.11128998,34.19693428,150.625,5.375
402.4136471,0.078616932,30.21999931,34.17608714,148.125,5.125
403.4616154,0.080100611,30.22096634,34.17319417,148.375,5.125
402.5627692,0.071498722,30.10257912,34.26614732,150.625,5.125
405.6250755,0.075204916,30.28257942,34.21452022,148.375,4.875
409.482,0.075111859,30.23064423,34.21524644,148.625,4.875
398.9173208,0.076344222,30.06064415,34.33536035,150.625,4.875
407.3418148,0.06950485,30.27580643,34.26019168,148.625,4.625
399.5488113,0.080523163,30.00806427,34.40457338,150.625,4.625
402.9952432,0.060762744,30.31580544,34.32873815,148.625,4.375
406.184875,0.060001861,30.25548363,34.33629638,148.875,4.375
401.99,0.077083685,29.98161125,34.4960202,150.625,4.375
401.3553137,0.074374124,29.93387032,34.51762545,150.875,4.375
402.7614038,0.054281145,30.2635479,34.43125051,148.875,4.125
403.1781731,0.08484216,29.91322517,34.63286197,150.875,4.125
399.184087,0.057935782,30.24451637,34.52620465,148.875,3.875
399.5663448,0.055205017,30.16128922,34.54888999,149.125,3.875
405.2121667,0.096449777,29.87193489,34.74809849,150.875,3.875
402.566,0.059147052,30.14161301,34.64692652,149.125,3.625
421.3992766,0.108549833,29.82645035,34.97101951,151.125,3.375
400.1093824,0.076160632,30.04290199,34.83784211,149.375,3.125
401.1432,0.084264159,29.98290253,34.87145507,149.625,3.125
428.9855882,0.120206155,29.81354713,35.0266602,151.125,3.125
402.1747647,0.103268795,29.98258018,34.93881238,149.625,2.875
434.3140714,0.13238439,29.80903244,35.0823009,151.125,2.875
436.3058571,0.150321111,29.81903076,35.10116506,151.375,2.875
407.2922727,0.118348055,29.98290253,35.00616968,149.625,2.625
412.8896842,0.119008943,29.94483757,35.03495038,149.875,2.625
439.7891458,0.142862275,29.82580566,35.1573751,151.375,2.625
422.1695294,0.118935376,29.94387054,35.07450825,149.875,2.375
446.5010408,0.157119691,29.85774231,35.19057548,151.375,2.375
427.974,0.119985633,29.94967651,35.08868283,149.875,2.125
429.4045588,0.121523082,29.90903091,35.11098588,150.125,2.125
449.2168571,0.157532826,29.89903069,35.20076621,151.375,2.125
431.66682,0.11944402,29.96419334,35.12461364,150.125,1.875
454.6012941,0.129736602,29.92290306,35.21095693,151.375,1.875
453.4999375,0.156125665,29.87838554,35.22935545,151.625,1.875
431.9333333,0.110469751,30.03451538,35.13824141,150.125,1.625
434.5182708,0.122806258,29.99225807,35.15427005,150.375,1.625
449.4601176,0.147608399,29.88903236,35.23901832,151.625,1.625
444.3868718,0.119026713,30.06064415,35.16500348,150.375,1.375
448.8316364,0.126825318,30.01838684,35.1809929,150.625,1.375
441.05826,0.14275682,29.9141922,35.25178397,151.625,1.375
447.8498367,0.126214266,30.08774185,35.19026512,150.625,1.125
439.6799048,0.134915173,29.97774124,35.26765239,151.625,1.125
440.49225,0.139508396,29.90258026,35.28860724,151.875,1.125
448.3563214,0.118740864,30.14258003,35.19953734,150.625,0.875
450.488,0.118854627,30.10387039,35.21688145,150.875,0.875
439.9442333,0.132534117,29.98967743,35.30670774,151.875,0.875
448.7683922,0.115748294,30.11322594,35.22683102,150.875,0.625
439.4087,0.125012532,30.05548286,35.32480824,151.875,0.625
453.9028462,0.108834095,30.10612869,35.24060816,150.875,0.375
452.3721892,0.129290894,30.10096741,35.26363087,151.125,0.375
437.0067407,0.121058792,30.10903168,35.34422874,151.875,0.375
448.44628,0.111729316,30.14354706,35.28238583,151.125,0.125